borough,ats code,location_name,grade_level,bldg_id,bldg_name,address,room_nuber,sqft,room_function,shared_with_other_schools,Insidevoutside,space_used,_location,_latitude,_longitude
Manhattan,01M015,P.S. 015 Roberto Clemente,Elementary,M015,P.S. 15 - MANHATTAN,333 EAST 4 STREET,GYM.,3243,GYMNASIUM,TRUE,Inside,FALSE,"333 EAST 4 STREET, Manhattan, New York, NY, USA",40.721882,-73.978712
Manhattan,01M015,P.S. 015 Roberto Clemente,Elementary,M015,P.S. 15 - MANHATTAN,333 EAST 4 STREET,OUTDOOR YARD 1,11700,OUTDOOR YARD,FALSE,Outside,FALSE,"333 EAST 4 STREET, Manhattan, New York, NY, USA",40.721882,-73.978712
Manhattan,01M019,P.S. 019 Asher Levy,Elementary,M019,P.S. 19 - MANHATTAN,185 1 AVENUE,GYM,3942,GYMNASIUM,TRUE,Inside,FALSE,"185 1 AVENUE, Manhattan, New York, NY, USA",40.72989,-73.98423
Manhattan,01M019,P.S. 019 Asher Levy,Elementary,M019,P.S. 19 - MANHATTAN,185 1 AVENUE,OUTDOOR YARD 1,25000,OUTDOOR YARD,FALSE,Outside,FALSE,"185 1 AVENUE, Manhattan, New York, NY, USA",40.72989,-73.98423
Manhattan,01M020,P.S. 020 Anna Silver,Elementary,M020,P.S. 20 - MANHATTAN,166 ESSEX STREET,122/24S,1080,MULTI-PURPOSE CLASSROOM,FALSE,Inside,TRUE,"166 ESSEX STREET, Manhattan, New York, NY, USA",40.721276,-73.986316
Manhattan,01M020,P.S. 020 Anna Silver,Elementary,M020,P.S. 20 - MANHATTAN,166 ESSEX STREET,346,625,MULTI-PURPOSE ROOM,FALSE,Inside,TRUE,"166 ESSEX STREET, Manhattan, New York, NY, USA",40.721276,-73.986316
Manhattan,01M020,P.S. 020 Anna Silver,Elementary,M020,P.S. 20 - MANHATTAN,166 ESSEX STREET,GYM,4000,GYMNASIUM,FALSE,Inside,FALSE,"166 ESSEX STREET, Manhattan, New York, NY, USA",40.721276,-73.986316
Manhattan,01M020,P.S. 020 Anna Silver,Elementary,M020,P.S. 20 - MANHATTAN,166 ESSEX STREET,OUTDOOR YARD 1,2000,OUTDOOR YARD,FALSE,Outside,FALSE,"166 ESSEX STREET, Manhattan, New York, NY, USA",40.721276,-73.986316
Manhattan,01M063,The STAR Academy - P.S.63,Elementary,M063,P.S. 63 - MANHATTAN,121 EAST 3 STREET,114,728,DANCE ROOM,FALSE,Inside,FALSE,"121 EAST 3 STREET, Manhattan, New York, NY, USA",40.724436,-73.986313
Manhattan,01M063,The STAR Academy - P.S.63,Elementary,M063,P.S. 63 - MANHATTAN,121 EAST 3 STREET,417,1500,GYMNASIUM,TRUE,Inside,FALSE,"121 EAST 3 STREET, Manhattan, New York, NY, USA",40.724436,-73.986313
Manhattan,01M063,The STAR Academy - P.S.63,Elementary,M063,P.S. 63 - MANHATTAN,121 EAST 3 STREET,GYMB,1740,GYMNASIUM,TRUE,Inside,FALSE,"121 EAST 3 STREET, Manhattan, New York, NY, USA",40.724436,-73.986313
Manhattan,01M063,The STAR Academy - P.S.63,Elementary,M063,P.S. 63 - MANHATTAN,121 EAST 3 STREET,OUTDOOR YARD 1,6500,OUTDOOR YARD,TRUE,Outside,FALSE,"121 EAST 3 STREET, Manhattan, New York, NY, USA",40.724436,-73.986313
Manhattan,01M063,The STAR Academy - P.S.63,Elementary,M063,P.S. 63 - MANHATTAN,121 EAST 3 STREET,OUTDOOR YARD 2,4000,OUTDOOR YARD,TRUE,Outside,FALSE,"121 EAST 3 STREET, Manhattan, New York, NY, USA",40.724436,-73.986313
Manhattan,01M064,P.S. 064 Robert Simon,Elementary,M064,P.S. 64 (OLD 71) - MANHATTAN,600 EAST 6 STREET,224,1650,MULTI-PURPOSE CLASSROOM,FALSE,Inside,TRUE,"600 EAST 6 STREET, Manhattan, New York, NY, USA",40.724144,-73.981602
Manhattan,01M064,P.S. 064 Robert Simon,Elementary,M064,P.S. 64 (OLD 71) - MANHATTAN,600 EAST 6 STREET,B53,6336,GYMNASIUM,TRUE,Inside,FALSE,"600 EAST 6 STREET, Manhattan, New York, NY, USA",40.724144,-73.981602
Manhattan,01M064,P.S. 064 Robert Simon,Elementary,M064,P.S. 64 (OLD 71) - MANHATTAN,600 EAST 6 STREET,OUTDOOR YARD 1,17214,OUTDOOR YARD,TRUE,Outside,FALSE,"600 EAST 6 STREET, Manhattan, New York, NY, USA",40.724144,-73.981602
Manhattan,01M064,P.S. 064 Robert Simon,Elementary,M064,P.S. 64 (OLD 71) - MANHATTAN,600 EAST 6 STREET,OUTDOOR YARD 2,16535,OUTDOOR YARD,TRUE,Outside,FALSE,"600 EAST 6 STREET, Manhattan, New York, NY, USA",40.724144,-73.981602
Manhattan,01M110,P.S. 110 Florence Nightingale,Elementary,M110,P.S. 110 - MANHATTAN,285 DELANCY STREET,GYM,3367,GYMNASIUM,FALSE,Inside,FALSE,"285 DELANCY STREET, Manhattan, New York, NY, USA",40.715416,-73.979994
Manhattan,01M110,P.S. 110 Florence Nightingale,Elementary,M110,P.S. 110 - MANHATTAN,285 DELANCY STREET,OUTDOOR YARD 1,2000,OUTDOOR YARD,FALSE,Outside,FALSE,"285 DELANCY STREET, Manhattan, New York, NY, USA",40.715416,-73.979994
Manhattan,01M134,P.S. 134 Henrietta Szold,Elementary,M134,P.S. 134 - MANHATTAN,293 EAST BROADWAY,140,920,DANCE ROOM,FALSE,Inside,FALSE,"293 EAST BROADWAY, Manhattan, New York, NY, USA",40.714328,-73.982978
Manhattan,01M134,P.S. 134 Henrietta Szold,Elementary,M134,P.S. 134 - MANHATTAN,293 EAST BROADWAY,140A,528,DANCE ROOM,FALSE,Inside,FALSE,"293 EAST BROADWAY, Manhattan, New York, NY, USA",40.714328,-73.982978
Manhattan,01M134,P.S. 134 Henrietta Szold,Elementary,M134,P.S. 134 - MANHATTAN,293 EAST BROADWAY,140A,528,DANCE ROOM,FALSE,Inside,FALSE,"293 EAST BROADWAY, Manhattan, New York, NY, USA",40.714328,-73.982978
Manhattan,01M142,P.S. 142 Amalia Castro,Elementary,M142,P.S. 142 - MANHATTAN,100 ATTORNEY STREET,140,3000,GYMNASIUM,TRUE,Inside,FALSE,"100 ATTORNEY STREET, Manhattan, New York, NY, USA",40.718226,-73.984085
Manhattan,01M142,P.S. 142 Amalia Castro,Elementary,M142,P.S. 142 - MANHATTAN,100 ATTORNEY STREET,219,880,MULTI-PURPOSE CLASSROOM,FALSE,Inside,TRUE,"100 ATTORNEY STREET, Manhattan, New York, NY, USA",40.718226,-73.984085
Manhattan,01M142,P.S. 142 Amalia Castro,Elementary,M142,P.S. 142 - MANHATTAN,100 ATTORNEY STREET,OUTDOOR YARD 1,27400,OUTDOOR YARD,TRUE,Outside,FALSE,"100 ATTORNEY STREET, Manhattan, New York, NY, USA",40.718226,-73.984085
Manhattan,01M142,P.S. 142 Amalia Castro,Elementary,M142,P.S. 142 - MANHATTAN,100 ATTORNEY STREET,OUTDOOR YARD 2,7800,OUTDOOR YARD,TRUE,Outside,FALSE,"100 ATTORNEY STREET, Manhattan, New York, NY, USA",40.718226,-73.984085
Manhattan,01M315,The East Village Community School,Elementary,M061,P.S. 61 - MANHATTAN,610 EAST 12 STREET,412,728,AUXILIARY EXERCISE ROOM,FALSE,Inside,FALSE,"610 EAST 12 STREET, Manhattan, New York, NY, USA",40.72763,-73.978427
Manhattan,01M315,The East Village Community School,Elementary,M061,P.S. 61 - MANHATTAN,610 EAST 12 STREET,OUTDOOR YARD 1,10375,OUTDOOR YARD,TRUE,Outside,FALSE,"610 EAST 12 STREET, Manhattan, New York, NY, USA",40.72763,-73.978427
Manhattan,01M361,The Children's Workshop School,Elementary,M061,P.S. 61 - MANHATTAN,610 EAST 12 STREET,OUTDOOR YARD 1,10375,OUTDOOR YARD,TRUE,Outside,FALSE,"610 EAST 12 STREET, Manhattan, New York, NY, USA",40.72763,-73.978427
Manhattan,01M363,Neighborhood School,Elementary,M063,P.S. 63 - MANHATTAN,121 EAST 3 STREET,417,1500,GYMNASIUM,TRUE,Inside,FALSE,"121 EAST 3 STREET, Manhattan, New York, NY, USA",40.724436,-73.986313
Manhattan,01M363,Neighborhood School,Elementary,M063,P.S. 63 - MANHATTAN,121 EAST 3 STREET,GYMB,1740,GYMNASIUM,TRUE,Inside,FALSE,"121 EAST 3 STREET, Manhattan, New York, NY, USA",40.724436,-73.986313
Manhattan,01M363,Neighborhood School,Elementary,M063,P.S. 63 - MANHATTAN,121 EAST 3 STREET,OUTDOOR YARD 1,6500,OUTDOOR YARD,TRUE,Outside,FALSE,"121 EAST 3 STREET, Manhattan, New York, NY, USA",40.724436,-73.986313
Manhattan,01M363,Neighborhood School,Elementary,M063,P.S. 63 - MANHATTAN,121 EAST 3 STREET,OUTDOOR YARD 2,4000,OUTDOOR YARD,TRUE,Outside,FALSE,"121 EAST 3 STREET, Manhattan, New York, NY, USA",40.724436,-73.986313
Manhattan,01M364,Earth School,Elementary,M064,P.S. 64 (OLD 71) - MANHATTAN,600 EAST 6 STREET,B53,6336,GYMNASIUM,TRUE,Inside,FALSE,"600 EAST 6 STREET, Manhattan, New York, NY, USA",40.724144,-73.981602
Manhattan,01M364,Earth School,Elementary,M064,P.S. 64 (OLD 71) - MANHATTAN,600 EAST 6 STREET,OUTDOOR YARD 1,17214,OUTDOOR YARD,TRUE,Outside,FALSE,"600 EAST 6 STREET, Manhattan, New York, NY, USA",40.724144,-73.981602
Manhattan,01M364,Earth School,Elementary,M064,P.S. 64 (OLD 71) - MANHATTAN,600 EAST 6 STREET,OUTDOOR YARD 2,16535,OUTDOOR YARD,TRUE,Outside,FALSE,"600 EAST 6 STREET, Manhattan, New York, NY, USA",40.724144,-73.981602
Manhattan,02M001,P.S. 001 Alfred E. Smith,Elementary,M001,P.S. 1 - MANHATTAN,8 HENRY STREET,505,525,ADAPTIVE PHYSICAL EDUCATION,FALSE,Inside,FALSE,"8 HENRY STREET, Manhattan, New York, NY, USA",40.712556,-73.997478
Manhattan,02M001,P.S. 001 Alfred E. Smith,Elementary,M001,P.S. 1 - MANHATTAN,8 HENRY STREET,GR FL,5472,MULTI-PURPOSE NON CLASSROOM,FALSE,Inside,TRUE,"8 HENRY STREET, Manhattan, New York, NY, USA",40.712556,-73.997478
Manhattan,02M001,P.S. 001 Alfred E. Smith,Elementary,M001,P.S. 1 - MANHATTAN,8 HENRY STREET,GR FL,5472,MULTI-PURPOSE NON CLASSROOM,FALSE,Inside,TRUE,"8 HENRY STREET, Manhattan, New York, NY, USA",40.712556,-73.997478
Manhattan,02M002,P.S. 002 Meyer London,Elementary,M002,P.S. 2 - MANHATTAN,122 HENRY STREET,GYM.,3819,GYMNASIUM,FALSE,Inside,FALSE,"122 HENRY STREET, Manhattan, New York, NY, USA",40.712938,-73.991958
Manhattan,02M002,P.S. 002 Meyer London,Elementary,M002,P.S. 2 - MANHATTAN,122 HENRY STREET,OUTDOOR YARD 1,33842,OUTDOOR YARD,FALSE,Outside,FALSE,"122 HENRY STREET, Manhattan, New York, NY, USA",40.712938,-73.991958
Manhattan,02M003,P.S. 003 Charrette School,Elementary,M003,P.S. 3 - MANHATTAN,490 HUDSON STREET,402,945,DANCE ROOM,FALSE,Inside,FALSE,"490 HUDSON STREET, Manhattan, New York, NY, USA",40.732632,-74.005975
Manhattan,02M003,P.S. 003 Charrette School,Elementary,M003,P.S. 3 - MANHATTAN,490 HUDSON STREET,402,945,DANCE ROOM,FALSE,Inside,FALSE,"490 HUDSON STREET, Manhattan, New York, NY, USA",40.732632,-74.005975
Manhattan,02M003,P.S. 003 Charrette School,Elementary,M003,P.S. 3 - MANHATTAN,490 HUDSON STREET,506A,276,MULTI-PURPOSE CLASSROOM,FALSE,Inside,TRUE,"490 HUDSON STREET, Manhattan, New York, NY, USA",40.732632,-74.005975
Manhattan,02M003,P.S. 003 Charrette School,Elementary,M003,P.S. 3 - MANHATTAN,490 HUDSON STREET,506A,276,MULTI-PURPOSE CLASSROOM,FALSE,Inside,TRUE,"490 HUDSON STREET, Manhattan, New York, NY, USA",40.732632,-74.005975
Manhattan,02M003,P.S. 003 Charrette School,Elementary,M003,P.S. 3 - MANHATTAN,490 HUDSON STREET,OUTDOOR YARD 1,8000,OUTDOOR YARD,FALSE,Outside,FALSE,"490 HUDSON STREET, Manhattan, New York, NY, USA",40.732632,-74.005975
Manhattan,02M006,P.S. 006 Lillie D. Blake,Elementary,M006,P.S. 6 - MANHATTAN,45 EAST 81 STREET,GYM,3710,GYMNASIUM,FALSE,Inside,FALSE,"45 EAST 81 STREET, Manhattan, New York, NY, USA",40.777702,-73.960731
Manhattan,02M006,P.S. 006 Lillie D. Blake,Elementary,M006,P.S. 6 - MANHATTAN,45 EAST 81 STREET,OUTDOOR YARD 1,16000,OUTDOOR YARD,FALSE,Outside,FALSE,"45 EAST 81 STREET, Manhattan, New York, NY, USA",40.777702,-73.960731
Manhattan,02M006,P.S. 006 Lillie D. Blake,Elementary,M006,P.S. 6 - MANHATTAN,45 EAST 81 STREET,OUTDOOR YARD 2,3800,OUTDOOR YARD,FALSE,Outside,FALSE,"45 EAST 81 STREET, Manhattan, New York, NY, USA",40.777702,-73.960731
Manhattan,02M011,P.S. 011 William T. Harris,Elementary,M011,P.S. 11 - MANHATTAN,320 WEST 21 STREET,520,1232,GYMNASIUM,FALSE,Inside,FALSE,"320 WEST 21 STREET, Manhattan, New York, NY, USA",40.744053,-74.000741
Manhattan,02M011,P.S. 011 William T. Harris,Elementary,M011,P.S. 11 - MANHATTAN,320 WEST 21 STREET,OUTDOOR YARD 1,18000,OUTDOOR YARD,FALSE,Outside,FALSE,"320 WEST 21 STREET, Manhattan, New York, NY, USA",40.744053,-74.000741
Manhattan,02M011,P.S. 011 William T. Harris,Elementary,M011,P.S. 11 - MANHATTAN,320 WEST 21 STREET,OUTDOOR YARD 2,10500,OUTDOOR YARD,FALSE,Outside,FALSE,"320 WEST 21 STREET, Manhattan, New York, NY, USA",40.744053,-74.000741
Manhattan,02M011,P.S. 011 William T. Harris,Elementary,M011,P.S. 11 - MANHATTAN,320 WEST 21 STREET,POOL,4674,SWIMMING POOL,FALSE,Inside,FALSE,"320 WEST 21 STREET, Manhattan, New York, NY, USA",40.744053,-74.000741
Manhattan,02M011,P.S. 011 William T. Harris,Elementary,M011,P.S. 11 - MANHATTAN,320 WEST 21 STREET,POOL,4674,SWIMMING POOL,FALSE,Inside,FALSE,"320 WEST 21 STREET, Manhattan, New York, NY, USA",40.744053,-74.000741
Manhattan,02M033,P.S. 033 Chelsea Prep,Elementary,M033,P.S. 33 - MANHATTAN,281 9 AVENUE,108,3504,GYMNASIUM,TRUE,Inside,FALSE,"281 9 AVENUE, Manhattan, New York, NY, USA",40.748943,-74.00037
Manhattan,02M033,P.S. 033 Chelsea Prep,Elementary,M033,P.S. 33 - MANHATTAN,281 9 AVENUE,OUTDOOR YARD 1,8500,OUTDOOR YARD,FALSE,Outside,FALSE,"281 9 AVENUE, Manhattan, New York, NY, USA",40.748943,-74.00037
Manhattan,02M033,P.S. 033 Chelsea Prep,Elementary,M033,P.S. 33 - MANHATTAN,281 9 AVENUE,OUTDOOR YARD 2,3195,OUTDOOR YARD,FALSE,Outside,FALSE,"281 9 AVENUE, Manhattan, New York, NY, USA",40.748943,-74.00037
Manhattan,02M040,P.S. 040 Augustus Saint-Gaudens,Elementary,M040,P.S. 40 - MANHATTAN,320 EAST 20TH STREET,1ST FL,4503,GYMNASIUM,TRUE,Inside,FALSE,"320 EAST 20 STREET, Manhattan, New York, NY, USA",40.735509,-73.981548
Manhattan,02M040,P.S. 040 Augustus Saint-Gaudens,Elementary,M040,P.S. 40 - MANHATTAN,320 EAST 20TH STREET,202A,175,MULTI-PURPOSE NON CLASSROOM,FALSE,Inside,TRUE,"320 EAST 20 STREET, Manhattan, New York, NY, USA",40.735509,-73.981548
Manhattan,02M040,P.S. 040 Augustus Saint-Gaudens,Elementary,M040,P.S. 40 - MANHATTAN,320 EAST 20TH STREET,202A,175,MULTI-PURPOSE NON CLASSROOM,FALSE,Inside,TRUE,"320 EAST 20 STREET, Manhattan, New York, NY, USA",40.735509,-73.981548
Manhattan,02M040,P.S. 040 Augustus Saint-Gaudens,Elementary,M040,P.S. 40 - MANHATTAN,320 EAST 20TH STREET,3 FL,2652,GYMNASIUM,TRUE,Inside,FALSE,"320 EAST 20 STREET, Manhattan, New York, NY, USA",40.735509,-73.981548
Manhattan,02M040,P.S. 040 Augustus Saint-Gaudens,Elementary,M040,P.S. 40 - MANHATTAN,320 EAST 20TH STREET,OUTDOOR YARD 1,7424,OUTDOOR YARD,TRUE,Outside,FALSE,"320 EAST 20 STREET, Manhattan, New York, NY, USA",40.735509,-73.981548
Manhattan,02M040,P.S. 040 Augustus Saint-Gaudens,Elementary,M040,P.S. 40 - MANHATTAN,320 EAST 20TH STREET,OUTDOOR YARD 2,4816,OUTDOOR YARD,TRUE,Outside,FALSE,"320 EAST 20 STREET, Manhattan, New York, NY, USA",40.735509,-73.981548
Manhattan,02M041,P.S. 041 Greenwich Village,Elementary,M041,P.S. 41 - MANHATTAN,116 WEST 11 STREET,232,675,DANCE ROOM,FALSE,Inside,FALSE,"116 WEST 11 STREET, Manhattan, New York, NY, USA",40.735528,-73.999259
Manhattan,02M041,P.S. 041 Greenwich Village,Elementary,M041,P.S. 41 - MANHATTAN,116 WEST 11 STREET,234,675,MULTI-PURPOSE CLASSROOM,FALSE,Inside,TRUE,"116 WEST 11 STREET, Manhattan, New York, NY, USA",40.735528,-73.999259
Manhattan,02M041,P.S. 041 Greenwich Village,Elementary,M041,P.S. 41 - MANHATTAN,116 WEST 11 STREET,GYM,3850,GYMNASIUM,FALSE,Inside,FALSE,"116 WEST 11 STREET, Manhattan, New York, NY, USA",40.735528,-73.999259
Manhattan,02M041,P.S. 041 Greenwich Village,Elementary,M041,P.S. 41 - MANHATTAN,116 WEST 11 STREET,OUTDOOR YARD 1,18560,OUTDOOR YARD,FALSE,Outside,FALSE,"116 WEST 11 STREET, Manhattan, New York, NY, USA",40.735528,-73.999259
Manhattan,02M041,P.S. 041 Greenwich Village,Elementary,M041,P.S. 41 - MANHATTAN,116 WEST 11 STREET,OUTDOOR YARD 2,2700,OUTDOOR YARD,FALSE,Outside,FALSE,"116 WEST 11 STREET, Manhattan, New York, NY, USA",40.735528,-73.999259
Manhattan,02M042,P.S. 042 Benjamin Altman,Elementary,M042,P.S. 42 - MANHATTAN,71 HESTER STREET,505,700,MULTI-PURPOSE ROOM,FALSE,Inside,TRUE,"71 HESTER STREET, Manhattan, New York, NY, USA",40.716133,-73.990985
Manhattan,02M042,P.S. 042 Benjamin Altman,Elementary,M042,P.S. 42 - MANHATTAN,71 HESTER STREET,510,1742,MULTI-PURPOSE ROOM,FALSE,Inside,TRUE,"71 HESTER STREET, Manhattan, New York, NY, USA",40.716133,-73.990985
Manhattan,02M042,P.S. 042 Benjamin Altman,Elementary,M042,P.S. 42 - MANHATTAN,71 HESTER STREET,511,2496,GYMNASIUM,FALSE,Inside,FALSE,"71 HESTER STREET, Manhattan, New York, NY, USA",40.716133,-73.990985
Manhattan,02M042,P.S. 042 Benjamin Altman,Elementary,M042,P.S. 42 - MANHATTAN,71 HESTER STREET,511,2496,GYMNASIUM,FALSE,Inside,FALSE,"71 HESTER STREET, Manhattan, New York, NY, USA",40.716133,-73.990985
Manhattan,02M042,P.S. 042 Benjamin Altman,Elementary,M042,P.S. 42 - MANHATTAN,71 HESTER STREET,OUTDOOR YARD 1,7800,OUTDOOR YARD,FALSE,Outside,FALSE,"71 HESTER STREET, Manhattan, New York, NY, USA",40.716133,-73.990985
Manhattan,02M051,P.S. 051 Elias Howe,Elementary,M338,P.S. 51 ELIAS HOWE - MANHATTAN,525 WEST 44TH STREET,320,4895,GYMNASIUM,FALSE,Inside,FALSE,"525 WEST 44 STREET, Manhattan, New York, NY, USA",40.761594,-73.995528
Manhattan,02M051,P.S. 051 Elias Howe,Elementary,M338,P.S. 51 ELIAS HOWE - MANHATTAN,525 WEST 44TH STREET,320,4895,GYMNASIUM,FALSE,Inside,FALSE,"525 WEST 44 STREET, Manhattan, New York, NY, USA",40.761594,-73.995528
Manhattan,02M051,P.S. 051 Elias Howe,Elementary,M338,P.S. 51 ELIAS HOWE - MANHATTAN,525 WEST 44TH STREET,OUTDOOR YARD 1,5684,OUTDOOR YARD,FALSE,Outside,FALSE,"525 WEST 44 STREET, Manhattan, New York, NY, USA",40.761594,-73.995528
Manhattan,02M051,P.S. 051 Elias Howe,Elementary,M338,P.S. 51 ELIAS HOWE - MANHATTAN,525 WEST 44TH STREET,OUTDOOR YARD 2,2025,OUTDOOR YARD,FALSE,Outside,FALSE,"525 WEST 44 STREET, Manhattan, New York, NY, USA",40.761594,-73.995528
Manhattan,02M051,P.S. 051 Elias Howe,Elementary,M338,P.S. 51 ELIAS HOWE - MANHATTAN,525 WEST 44TH STREET,OUTDOOR YARD 3,2597,OUTDOOR YARD,FALSE,Outside,FALSE,"525 WEST 44 STREET, Manhattan, New York, NY, USA",40.761594,-73.995528
Manhattan,02M077,P.S. 77 Lower Lab School,Elementary,M198,P.S. 198 - MANHATTAN,1700 3 AVENUE,GYM,3630,GYMNASIUM,TRUE,Inside,FALSE,"1700 3 AVENUE, Manhattan, New York, NY, USA",40.785012,-73.950031
Manhattan,02M077,P.S. 77 Lower Lab School,Elementary,M198,P.S. 198 - MANHATTAN,1700 3 AVENUE,OUTDOOR YARD 1,2940,OUTDOOR YARD,TRUE,Outside,FALSE,"1700 3 AVENUE, Manhattan, New York, NY, USA",40.785012,-73.950031
Manhattan,02M089,P.S. 89,Elementary,M089,P.S./I.S. 89 - MANHATTAN,201 WARREN STREET,127,688,DANCE ROOM,FALSE,Inside,FALSE,"201 WARREN STREET, Manhattan, New York, NY, USA",40.716969,-74.013793
Manhattan,02M089,P.S. 89,Elementary,M089,P.S./I.S. 89 - MANHATTAN,201 WARREN STREET,315,4845,GYMNASIUM,TRUE,Inside,FALSE,"201 WARREN STREET, Manhattan, New York, NY, USA",40.716969,-74.013793
Manhattan,02M089,P.S. 89,Elementary,M089,P.S./I.S. 89 - MANHATTAN,201 WARREN STREET,OUTDOOR YARD 1,10000,OUTDOOR YARD,TRUE,Outside,FALSE,"201 WARREN STREET, Manhattan, New York, NY, USA",40.716969,-74.013793
Manhattan,02M111,P.S. 111 Adolph S. Ochs,Elementary,M111,P.S. 111 - MANHATTAN,440 WEST 53 STREET,GYM,3816,GYMNASIUM,TRUE,Inside,FALSE,"440 WEST 53 STREET, Manhattan, New York, NY, USA",40.76578,-73.9896
Manhattan,02M111,P.S. 111 Adolph S. Ochs,Elementary,M111,P.S. 111 - MANHATTAN,440 WEST 53 STREET,OUTDOOR YARD 1,32000,OUTDOOR YARD,TRUE,Outside,FALSE,"440 WEST 53 STREET, Manhattan, New York, NY, USA",40.76578,-73.9896
Manhattan,02M111,P.S. 111 Adolph S. Ochs,Elementary,M111,P.S. 111 - MANHATTAN,440 WEST 53 STREET,OUTDOOR YARD 2,7500,OUTDOOR YARD,TRUE,Outside,FALSE,"440 WEST 53 STREET, Manhattan, New York, NY, USA",40.76578,-73.9896
Manhattan,02M116,P.S. 116 Mary Lindley Murray,Elementary,M116,P.S. 116 - MANHATTAN,210 EAST 33 STREET,208,550,MULTI-PURPOSE CLASSROOM,FALSE,Inside,TRUE,"210 EAST 33 STREET, Manhattan, New York, NY, USA",40.744489,-73.977705
Manhattan,02M116,P.S. 116 Mary Lindley Murray,Elementary,M116,P.S. 116 - MANHATTAN,210 EAST 33 STREET,GYM,4293,GYMNASIUM,FALSE,Inside,FALSE,"210 EAST 33 STREET, Manhattan, New York, NY, USA",40.744489,-73.977705
Manhattan,02M116,P.S. 116 Mary Lindley Murray,Elementary,M116,P.S. 116 - MANHATTAN,210 EAST 33 STREET,GYM,4293,GYMNASIUM,FALSE,Inside,FALSE,"210 EAST 33 STREET, Manhattan, New York, NY, USA",40.744489,-73.977705
Manhattan,02M116,P.S. 116 Mary Lindley Murray,Elementary,M116,P.S. 116 - MANHATTAN,210 EAST 33 STREET,OUTDOOR YARD 1,1200,OUTDOOR YARD,FALSE,Outside,FALSE,"210 EAST 33 STREET, Manhattan, New York, NY, USA",40.744489,-73.977705
Manhattan,02M116,P.S. 116 Mary Lindley Murray,Elementary,M116,P.S. 116 - MANHATTAN,210 EAST 33 STREET,OUTDOOR YARD 2,7150,OUTDOOR YARD,FALSE,Outside,FALSE,"210 EAST 33 STREET, Manhattan, New York, NY, USA",40.744489,-73.977705
Manhattan,02M124,P.S. 124 Yung Wing,Elementary,M124,P.S. 124 (ECF) - MANHATTAN,40 DIVISION STREET,104,594,MULTI-PURPOSE ROOM,FALSE,Inside,TRUE,"40 DIVISION STREET, Manhattan, New York, NY, USA",40.714935,-73.995705
Manhattan,02M124,P.S. 124 Yung Wing,Elementary,M124,P.S. 124 (ECF) - MANHATTAN,40 DIVISION STREET,207,2842,GYMNASIUM,FALSE,Inside,FALSE,"40 DIVISION STREET, Manhattan, New York, NY, USA",40.714935,-73.995705
Manhattan,02M124,P.S. 124 Yung Wing,Elementary,M124,P.S. 124 (ECF) - MANHATTAN,40 DIVISION STREET,207,2842,GYMNASIUM,FALSE,Inside,FALSE,"40 DIVISION STREET, Manhattan, New York, NY, USA",40.714935,-73.995705
Manhattan,02M124,P.S. 124 Yung Wing,Elementary,M124,P.S. 124 (ECF) - MANHATTAN,40 DIVISION STREET,212,630,MULTI-PURPOSE CLASSROOM,FALSE,Inside,TRUE,"40 DIVISION STREET, Manhattan, New York, NY, USA",40.714935,-73.995705
Manhattan,02M124,P.S. 124 Yung Wing,Elementary,M124,P.S. 124 (ECF) - MANHATTAN,40 DIVISION STREET,OUTDOOR YARD 1,11800,OUTDOOR YARD,FALSE,Outside,FALSE,"40 DIVISION STREET, Manhattan, New York, NY, USA",40.714935,-73.995705
Manhattan,02M124,P.S. 124 Yung Wing,Elementary,M124,P.S. 124 (ECF) - MANHATTAN,40 DIVISION STREET,OUTDOOR YARD 2,7500,OUTDOOR YARD,FALSE,Outside,FALSE,"40 DIVISION STREET, Manhattan, New York, NY, USA",40.714935,-73.995705
Manhattan,02M130,P.S. 130 Hernando De Soto,Elementary,M130,P.S. 130 - MANHATTAN,143 BAXTER STREET,308,560,MULTI-PURPOSE CLASSROOM,FALSE,Inside,TRUE,"143 BAXTER STREET, Manhattan, New York, NY, USA",40.718764,-73.998318
Manhattan,02M130,P.S. 130 Hernando De Soto,Elementary,M130,P.S. 130 - MANHATTAN,143 BAXTER STREET,308,560,MULTI-PURPOSE CLASSROOM,FALSE,Inside,TRUE,"143 BAXTER STREET, Manhattan, New York, NY, USA",40.718764,-73.998318
Manhattan,02M130,P.S. 130 Hernando De Soto,Elementary,M130,P.S. 130 - MANHATTAN,143 BAXTER STREET,GYM,2950,GYMNASIUM,FALSE,Inside,FALSE,"143 BAXTER STREET, Manhattan, New York, NY, USA",40.718764,-73.998318
Manhattan,02M130,P.S. 130 Hernando De Soto,Elementary,M130,P.S. 130 - MANHATTAN,143 BAXTER STREET,GYM,2950,GYMNASIUM,FALSE,Inside,FALSE,"143 BAXTER STREET, Manhattan, New York, NY, USA",40.718764,-73.998318
Manhattan,02M130,P.S. 130 Hernando De Soto,Elementary,M130,P.S. 130 - MANHATTAN,143 BAXTER STREET,OUTDOOR YARD 1,10000,OUTDOOR YARD,FALSE,Outside,FALSE,"143 BAXTER STREET, Manhattan, New York, NY, USA",40.718764,-73.998318
Manhattan,02M130,P.S. 130 Hernando De Soto,Elementary,M130,P.S. 130 - MANHATTAN,143 BAXTER STREET,OUTDOOR YARD 2,3650,OUTDOOR YARD,FALSE,Outside,FALSE,"143 BAXTER STREET, Manhattan, New York, NY, USA",40.718764,-73.998318
Manhattan,02M130,P.S. 130 Hernando De Soto,Elementary,M130,P.S. 130 - MANHATTAN,143 BAXTER STREET,OUTDOOR YARD 3,2620,OUTDOOR YARD,FALSE,Outside,FALSE,"143 BAXTER STREET, Manhattan, New York, NY, USA",40.718764,-73.998318
Manhattan,02M150,P.S. 150,Elementary,M840,P.S. 150 - MANHATTAN,334 GREENWICH STREET,MULTI,884,MULTI-PURPOSE ROOM,FALSE,Inside,TRUE,"334 GREENWICH STREET, Manhattan, New York, NY, USA",40.718289,-74.01095
Manhattan,02M151,Yorkville Community School,Elementary,M066,RICHARD R GREEN HS OF TEACHING - M,421 EAST 88 STREET,301/302,1218,GYMNASIUM,FALSE,Inside,FALSE,"421 EAST 88 STREET, Manhattan, New York, NY, USA",40.777918,-73.94736
Manhattan,02M151,Yorkville Community School,Elementary,M066,RICHARD R GREEN HS OF TEACHING - M,421 EAST 88 STREET,306,567,DANCE ROOM,FALSE,Inside,FALSE,"421 EAST 88 STREET, Manhattan, New York, NY, USA",40.777918,-73.94736
Manhattan,02M151,Yorkville Community School,Elementary,M066,RICHARD R GREEN HS OF TEACHING - M,421 EAST 88 STREET,OUTDOOR YARD 1,2800,OUTDOOR YARD,FALSE,Outside,FALSE,"421 EAST 88 STREET, Manhattan, New York, NY, USA",40.777918,-73.94736
Manhattan,02M151,Yorkville Community School,Elementary,M066,RICHARD R GREEN HS OF TEACHING - M,421 EAST 88 STREET,OUTDOOR YARD 2,3050,OUTDOOR YARD,FALSE,Outside,FALSE,"421 EAST 88 STREET, Manhattan, New York, NY, USA",40.777918,-73.94736
Manhattan,02M158,P.S. 158 Bayard Taylor,Elementary,M158,P.S. 158 - MANHATTAN,1458 YORK AVENUE,302,528,MULTI-PURPOSE CLASSROOM,FALSE,Inside,TRUE,"1458 YORK AVENUE, Manhattan, New York, NY, USA",40.770257,-73.95092
Manhattan,02M158,P.S. 158 Bayard Taylor,Elementary,M158,P.S. 158 - MANHATTAN,1458 YORK AVENUE,302,528,MULTI-PURPOSE CLASSROOM,FALSE,Inside,TRUE,"1458 YORK AVENUE, Manhattan, New York, NY, USA",40.770257,-73.95092
Manhattan,02M158,P.S. 158 Bayard Taylor,Elementary,M158,P.S. 158 - MANHATTAN,1458 YORK AVENUE,GYM1,5734,GYMNASIUM,TRUE,Inside,FALSE,"1458 YORK AVENUE, Manhattan, New York, NY, USA",40.770257,-73.95092
Manhattan,02M158,P.S. 158 Bayard Taylor,Elementary,M158,P.S. 158 - MANHATTAN,1458 YORK AVENUE,GYM2,2968,GYMNASIUM,TRUE,Inside,FALSE,"1458 YORK AVENUE, Manhattan, New York, NY, USA",40.770257,-73.95092
Manhattan,02M158,P.S. 158 Bayard Taylor,Elementary,M158,P.S. 158 - MANHATTAN,1458 YORK AVENUE,OUTDOOR YARD 1,18500,OUTDOOR YARD,TRUE,Outside,FALSE,"1458 YORK AVENUE, Manhattan, New York, NY, USA",40.770257,-73.95092
Manhattan,02M183,P.S. 183 Robert L. Stevenson,Elementary,M183,P.S. 183 - MANHATTAN,419 EAST 66 STREET,404,3245,MULTI-PURPOSE NON CLASSROOM,FALSE,Inside,TRUE,"419 EAST 66 STREET, Manhattan, New York, NY, USA",40.76376,-73.957773
Manhattan,02M183,P.S. 183 Robert L. Stevenson,Elementary,M183,P.S. 183 - MANHATTAN,419 EAST 66 STREET,507,638,MULTI-PURPOSE CLASSROOM,FALSE,Inside,TRUE,"419 EAST 66 STREET, Manhattan, New York, NY, USA",40.76376,-73.957773
Manhattan,02M183,P.S. 183 Robert L. Stevenson,Elementary,M183,P.S. 183 - MANHATTAN,419 EAST 66 STREET,507,638,MULTI-PURPOSE CLASSROOM,FALSE,Inside,TRUE,"419 EAST 66 STREET, Manhattan, New York, NY, USA",40.76376,-73.957773
Manhattan,02M183,P.S. 183 Robert L. Stevenson,Elementary,M183,P.S. 183 - MANHATTAN,419 EAST 66 STREET,OUTDOOR YARD 1,18000,OUTDOOR YARD,FALSE,Outside,FALSE,"419 EAST 66 STREET, Manhattan, New York, NY, USA",40.76376,-73.957773
Manhattan,02M198,P.S. 198 Isador E. Ida Straus,Elementary,M198,P.S. 198 - MANHATTAN,1700 3 AVENUE,223,280,MULTI-PURPOSE CLASSROOM,FALSE,Inside,TRUE,"1700 3 AVENUE, Manhattan, New York, NY, USA",40.785012,-73.950031
Manhattan,02M198,P.S. 198 Isador E. Ida Straus,Elementary,M198,P.S. 198 - MANHATTAN,1700 3 AVENUE,229,625,MULTI-PURPOSE CLASSROOM,FALSE,Inside,TRUE,"1700 3 AVENUE, Manhattan, New York, NY, USA",40.785012,-73.950031
Manhattan,02M198,P.S. 198 Isador E. Ida Straus,Elementary,M198,P.S. 198 - MANHATTAN,1700 3 AVENUE,GYM,3630,GYMNASIUM,TRUE,Inside,FALSE,"1700 3 AVENUE, Manhattan, New York, NY, USA",40.785012,-73.950031
Manhattan,02M198,P.S. 198 Isador E. Ida Straus,Elementary,M198,P.S. 198 - MANHATTAN,1700 3 AVENUE,M39,729,MULTI-PURPOSE ROOM,FALSE,Inside,TRUE,"1700 3 AVENUE, Manhattan, New York, NY, USA",40.785012,-73.950031
Manhattan,02M198,P.S. 198 Isador E. Ida Straus,Elementary,M198,P.S. 198 - MANHATTAN,1700 3 AVENUE,M39,729,MULTI-PURPOSE ROOM,FALSE,Inside,TRUE,"1700 3 AVENUE, Manhattan, New York, NY, USA",40.785012,-73.950031
Manhattan,02M198,P.S. 198 Isador E. Ida Straus,Elementary,M198,P.S. 198 - MANHATTAN,1700 3 AVENUE,OUTDOOR YARD 1,2940,OUTDOOR YARD,TRUE,Outside,FALSE,"1700 3 AVENUE, Manhattan, New York, NY, USA",40.785012,-73.950031
Manhattan,02M212,P.S. 212 Midtown West,Elementary,M017,I.S. 17 - MANHATTAN,328 WEST 48 STREET,5B,2166,GYMNASIUM,TRUE,Inside,FALSE,"328 WEST 48 STREET, Manhattan, New York, NY, USA",40.761503,-73.988667
Manhattan,02M212,P.S. 212 Midtown West,Elementary,M017,I.S. 17 - MANHATTAN,328 WEST 48 STREET,OUTDOOR YARD 1,6400,OUTDOOR YARD,TRUE,Outside,FALSE,"328 WEST 48 STREET, Manhattan, New York, NY, USA",40.761503,-73.988667
Manhattan,02M234,P.S. 234 Independence School,Elementary,M234,P.S. 234 - MANHATTAN,292 GREENWICH STREET,106,2494,GYMNASIUM,FALSE,Inside,FALSE,"292 GREENWICH STREET, Manhattan, New York, NY, USA",40.71623,-74.01164
Manhattan,02M234,P.S. 234 Independence School,Elementary,M234,P.S. 234 - MANHATTAN,292 GREENWICH STREET,118,660,MULTI-PURPOSE CLASSROOM,FALSE,Inside,TRUE,"292 GREENWICH STREET, Manhattan, New York, NY, USA",40.71623,-74.01164
Manhattan,02M234,P.S. 234 Independence School,Elementary,M234,P.S. 234 - MANHATTAN,292 GREENWICH STREET,OUTDOOR YARD 1,14000,OUTDOOR YARD,FALSE,Outside,FALSE,"292 GREENWICH STREET, Manhattan, New York, NY, USA",40.71623,-74.01164
Manhattan,02M267,"East Side Elementary School, PS 267",Elementary,M267,P.S. 59 (MEETH) - MANHATTAN,213 EAST 63RD STREET,602,3344,GYMNASIUM,FALSE,Inside,FALSE,"213 EAST 63 STREET, Manhattan, New York, NY, USA",40.763927,-73.963988
Manhattan,02M267,"East Side Elementary School, PS 267",Elementary,M267,P.S. 59 - (MEETH) -MANHATTAN,213 EAST 63RD STREET,OUTDOOR YARD 1,1436,OUTDOOR YARD,FALSE,Outside,FALSE,"213 EAST 63 STREET, Manhattan, New York, NY, USA",40.763927,-73.963988
Manhattan,02M267,"East Side Elementary School, PS 267",Elementary,M267,P.S. 59 - (MEETH) -MANHATTAN,213 EAST 63RD STREET,OUTDOOR YARD 2,2084,OUTDOOR YARD,FALSE,Outside,FALSE,"213 EAST 63 STREET, Manhattan, New York, NY, USA",40.763927,-73.963988
Manhattan,02M281,The River School,Elementary,M281,P.S. 281 - MANHATTAN,425 EAST 35TH STREET,201,2832,GYMNASIUM,TRUE,Inside,FALSE,"425 EAST 35 STREET, Manhattan, New York, NY, USA",40.744469,-73.972403
Manhattan,02M281,The River School,Elementary,M281,P.S. 281 - MANHATTAN,425 EAST 35TH STREET,403,5192,GYMNASIUM,TRUE,Inside,FALSE,"425 EAST 35 STREET, Manhattan, New York, NY, USA",40.744469,-73.972403
Manhattan,02M281,The River School,Elementary,M281,P.S. 281 - MANHATTAN,425 EAST 35TH STREET,OUTDOOR YARD 1,3560,OUTDOOR YARD,FALSE,Outside,FALSE,"425 EAST 35 STREET, Manhattan, New York, NY, USA",40.744469,-73.972403
Manhattan,02M281,The River School,Elementary,M281,P.S. 281 - MANHATTAN,425 EAST 35TH STREET,OUTDOOR YARD 2,3802,OUTDOOR YARD,FALSE,Outside,FALSE,"425 EAST 35 STREET, Manhattan, New York, NY, USA",40.744469,-73.972403
Manhattan,02M290,P.S. 290 Manhattan New School,Elementary,M190,P.S. 290 - MANHATTAN,311 EAST 82 STREET,404,550,MULTI-PURPOSE CLASSROOM,FALSE,Inside,TRUE,"311 EAST 82 STREET, Manhattan, New York, NY, USA",40.775138,-73.95281
Manhattan,02M290,P.S. 290 Manhattan New School,Elementary,M190,P.S. 290 - MANHATTAN,311 EAST 82 STREET,404,550,MULTI-PURPOSE CLASSROOM,FALSE,Inside,TRUE,"311 EAST 82 STREET, Manhattan, New York, NY, USA",40.775138,-73.95281
Manhattan,02M290,P.S. 290 Manhattan New School,Elementary,M190,P.S. 290 - MANHATTAN,311 EAST 82 STREET,OUTDOOR YARD 1,1850,OUTDOOR YARD,TRUE,Outside,FALSE,"311 EAST 82 STREET, Manhattan, New York, NY, USA",40.775138,-73.95281
Manhattan,02M290,P.S. 290 Manhattan New School,Elementary,M190,P.S. 290 - MANHATTAN,311 EAST 82 STREET,OUTDOOR YARD 2,1850,OUTDOOR YARD,TRUE,Outside,FALSE,"311 EAST 82 STREET, Manhattan, New York, NY, USA",40.775138,-73.95281
Manhattan,02M290,P.S. 290 Manhattan New School,Elementary,M190,P.S. 290 - MANHATTAN,311 EAST 82 STREET,PCAF,4840,GYM/CAFETERIA,FALSE,Inside,TRUE,"311 EAST 82 STREET, Manhattan, New York, NY, USA",40.775138,-73.95281
Manhattan,02M290,P.S. 290 Manhattan New School,Elementary,M190,P.S. 290 - MANHATTAN,311 EAST 82 STREET,PCAF,4840,GYM/CAFETERIA,FALSE,Inside,TRUE,"311 EAST 82 STREET, Manhattan, New York, NY, USA",40.775138,-73.95281
Manhattan,02M340,Sixth Avenue Elementary School,Elementary,M340,THE SIXTH AVENUE EDUCATIONAL CAMPUS - MANHATTAN,590 SIXTH AVENUE,102,1344,DANCE ROOM,FALSE,Inside,FALSE,"590 SIXTH AVENUE, Manhattan, New York, NY, USA",40.738903,-73.995153
Manhattan,02M340,Sixth Avenue Elementary School,Elementary,M340,THE SIXTH AVENUE EDUCATIONAL CAMPUS - MANHATTAN,590 SIXTH AVENUE,102,1344,DANCE ROOM,FALSE,Inside,FALSE,"590 SIXTH AVENUE, Manhattan, New York, NY, USA",40.738903,-73.995153
Manhattan,02M340,Sixth Avenue Elementary School,Elementary,M340,THE SIXTH AVENUE EDUCATIONAL CAMPUS - MANHATTAN,590 SIXTH AVENUE,611,1560,GYMNASIUM,TRUE,Inside,FALSE,"590 SIXTH AVENUE, Manhattan, New York, NY, USA",40.738903,-73.995153
Manhattan,02M340,Sixth Avenue Elementary School,Elementary,M340,THE SIXTH AVENUE EDUCATIONAL CAMPUS - MANHATTAN,590 SIXTH AVENUE,OUTDOOR YARD 1,2575,OUTDOOR YARD,FALSE,Outside,FALSE,"590 SIXTH AVENUE, Manhattan, New York, NY, USA",40.738903,-73.995153
Manhattan,02M343,The Peck Slip School,Elementary,M343,THE PECK SLIP SCHOOL - MANHATTAN,1 PECK SLIP,126,1332,AUXILIARY EXERCISE ROOM,FALSE,Inside,FALSE,"1 PECK SLIP, Manhattan, New York, NY, USA",40.708645,-74.001911
Manhattan,02M343,The Peck Slip School,Elementary,M343,THE PECK SLIP SCHOOL - MANHATTAN,1 PECK SLIP,517,2760,GYM/AUDITORIUM,TRUE,Inside,TRUE,"1 PECK SLIP, Manhattan, New York, NY, USA",40.708645,-74.001911
Manhattan,02M343,The Peck Slip School,Elementary,M343,THE PECK SLIP SCHOOL - MANHATTAN,1 PECK SLIP,OUTDOOR YARD 1,4998,OUTDOOR YARD,FALSE,Outside,FALSE,"1 PECK SLIP, Manhattan, New York, NY, USA",40.708645,-74.001911
Manhattan,02M527,P.S. 527 - East Side School for Social Action,Elementary,M816,P.S. 527 - EAST SIDE SCHOOL FOR SOCIAL ACTION - MANHATTAN,323 EAST 91 STREET,501,688,MULTI-PURPOSE NON CLASSROOM,FALSE,Inside,TRUE,"323 EAST 91 STREET, Manhattan, New York, NY, USA",40.780656,-73.94786
Manhattan,02M527,P.S. 527 - East Side School for Social Action,Elementary,M816,P.S. 527 - EAST SIDE SCHOOL FOR SOCIAL ACTION - MANHATTAN,323 EAST 91 STREET,501,688,MULTI-PURPOSE NON CLASSROOM,FALSE,Inside,TRUE,"323 EAST 91 STREET, Manhattan, New York, NY, USA",40.780656,-73.94786
Manhattan,02M527,P.S. 527 - East Side School for Social Action,Elementary,M816,P.S. 527 - East Side School for Social Action,323 EAST 91 STREET,OUTDOOR YARD 1,1845,OUTDOOR YARD,FALSE,Outside,FALSE,"323 EAST 91 STREET, Manhattan, New York, NY, USA",40.780656,-73.94786
Manhattan,03M009,P.S. 009 Sarah Anderson,Elementary,M009,P.S. 9 - MANHATTAN,100 WEST 84 STREET,GYM,3886,GYMNASIUM,TRUE,Inside,FALSE,"100 WEST 84 STREET, Manhattan, New York, NY, USA",40.785102,-73.973863
Manhattan,03M009,P.S. 009 Sarah Anderson,Elementary,M009,P.S. 9 - MANHATTAN,100 WEST 84 STREET,OUTDOOR YARD 1,32453,OUTDOOR YARD,TRUE,Outside,FALSE,"100 WEST 84 STREET, Manhattan, New York, NY, USA",40.785102,-73.973863
Manhattan,03M009,P.S. 009 Sarah Anderson,Elementary,M009,P.S. 9 - MANHATTAN,100 WEST 84 STREET,OUTDOOR YARD 2,4114,OUTDOOR YARD,TRUE,Outside,FALSE,"100 WEST 84 STREET, Manhattan, New York, NY, USA",40.785102,-73.973863
Manhattan,03M075,P.S. 075 Emily Dickinson,Elementary,M075,P.S. 75 - MANHATTAN,735 WEST END AVENUE,G1A,735,MULTI-PURPOSE NON CLASSROOM,FALSE,Inside,TRUE,"735 WEST END AVENUE, Manhattan, New York, NY, USA",40.795257,-73.973981
Manhattan,03M075,P.S. 075 Emily Dickinson,Elementary,M075,P.S. 75 - MANHATTAN,735 WEST END AVENUE,GYM,3740,GYMNASIUM,TRUE,Inside,FALSE,"735 WEST END AVENUE, Manhattan, New York, NY, USA",40.795257,-73.973981
Manhattan,03M075,P.S. 075 Emily Dickinson,Elementary,M075,P.S. 75 - MANHATTAN,735 WEST END AVENUE,OUTDOOR YARD 1,22000,OUTDOOR YARD,TRUE,Outside,FALSE,"735 WEST END AVENUE, Manhattan, New York, NY, USA",40.795257,-73.973981
Manhattan,03M075,P.S. 075 Emily Dickinson,Elementary,M075,P.S. 75 - MANHATTAN,735 WEST END AVENUE,OUTDOOR YARD 2,35000,OUTDOOR YARD,TRUE,Outside,FALSE,"735 WEST END AVENUE, Manhattan, New York, NY, USA",40.795257,-73.973981
Manhattan,03M075,P.S. 075 Emily Dickinson,Elementary,M075,P.S. 75 - MANHATTAN,735 WEST END AVENUE,OUTDOOR YARD 3,8500,OUTDOOR YARD,TRUE,Outside,FALSE,"735 WEST END AVENUE, Manhattan, New York, NY, USA",40.795257,-73.973981
Manhattan,03M075,P.S. 075 Emily Dickinson,Elementary,M075,P.S. 75 - MANHATTAN,735 WEST END AVENUE,OUTDOOR YARD 4,7500,OUTDOOR YARD,TRUE,Outside,FALSE,"735 WEST END AVENUE, Manhattan, New York, NY, USA",40.795257,-73.973981
Manhattan,03M084,P.S. 084 Lillian Weber,Elementary,M084,P.S. 84 - MANHATTAN,32 WEST 92 STREET,GYM,3886,GYMNASIUM,FALSE,Inside,FALSE,"32 WEST 92 STREET, Manhattan, New York, NY, USA",40.78938,-73.968099
Manhattan,03M084,P.S. 084 Lillian Weber,Elementary,M084,P.S. 84 - MANHATTAN,32 WEST 92 STREET,OUTDOOR YARD 1,3180,OUTDOOR YARD,FALSE,Outside,FALSE,"32 WEST 92 STREET, Manhattan, New York, NY, USA",40.78938,-73.968099
Manhattan,03M087,P.S. 087 William Sherman,Elementary,M087,P.S. 87 - MANHATTAN,160 WEST 78 STREET,216,3808,GYMNASIUM,FALSE,Inside,FALSE,"160 WEST 78 STREET, Manhattan, New York, NY, USA",40.781784,-73.977734
Manhattan,03M087,P.S. 087 William Sherman,Elementary,M087,P.S. 87 - MANHATTAN,160 WEST 78 STREET,216,3808,GYMNASIUM,FALSE,Inside,FALSE,"160 WEST 78 STREET, Manhattan, New York, NY, USA",40.781784,-73.977734
Manhattan,03M087,P.S. 087 William Sherman,Elementary,M087,P.S. 87 - MANHATTAN,160 WEST 78 STREET,B1,1113,GYMNASIUM,FALSE,Inside,FALSE,"160 WEST 78 STREET, Manhattan, New York, NY, USA",40.781784,-73.977734
Manhattan,03M087,P.S. 087 William Sherman,Elementary,M087,P.S. 87 - MANHATTAN,160 WEST 78 STREET,OUTDOOR YARD 1,10000,OUTDOOR YARD,FALSE,Outside,FALSE,"160 WEST 78 STREET, Manhattan, New York, NY, USA",40.781784,-73.977734
Manhattan,03M145,"P.S. 145, The Bloomingdale School",Elementary,M145,P.S. 145 - MANHATTAN,150 WEST 105 STREET,105,578,MULTI-PURPOSE NON CLASSROOM,FALSE,Inside,TRUE,"150 WEST 105 STREET, Manhattan, New York, NY, USA",40.79911,-73.965221
Manhattan,03M145,"P.S. 145, The Bloomingdale School",Elementary,M145,P.S. 145 - MANHATTAN,150 WEST 105 STREET,201,4060,GYMNASIUM,TRUE,Inside,FALSE,"150 WEST 105 STREET, Manhattan, New York, NY, USA",40.79911,-73.965221
Manhattan,03M145,"P.S. 145, The Bloomingdale School",Elementary,M145,P.S. 145 - MANHATTAN,150 WEST 105 STREET,213,702,DANCE ROOM,FALSE,Inside,FALSE,"150 WEST 105 STREET, Manhattan, New York, NY, USA",40.79911,-73.965221
Manhattan,03M145,"P.S. 145, The Bloomingdale School",Elementary,M145,P.S. 145 - MANHATTAN,150 WEST 105 STREET,OUTDOOR YARD 1,2430,OUTDOOR YARD,TRUE,Outside,FALSE,"150 WEST 105 STREET, Manhattan, New York, NY, USA",40.79911,-73.965221
Manhattan,03M163,P.S. 163 Alfred E. Smith,Elementary,M163,P.S. 163 - MANHATTAN,163 WEST 97 STREET,GYM,3752,GYMNASIUM,FALSE,Inside,FALSE,"163 WEST 97 STREET, Manhattan, New York, NY, USA",40.794703,-73.968537
Manhattan,03M163,P.S. 163 Alfred E. Smith,Elementary,M163,P.S. 163 - MANHATTAN,163 WEST 97 STREET,OUTDOOR YARD 1,13888,OUTDOOR YARD,FALSE,Outside,FALSE,"163 WEST 97 STREET, Manhattan, New York, NY, USA",40.794703,-73.968537
Manhattan,03M166,P.S. 166 The Richard Rodgers School of The Arts and Technology,Elementary,M166,P.S. 166 - MANHATTAN,132 WEST 89 STREET,504,552,DANCE ROOM,FALSE,Inside,FALSE,"132 WEST 89 STREET, Manhattan, New York, NY, USA",40.78895,-73.972515
Manhattan,03M166,P.S. 166 The Richard Rodgers School of The Arts and Technology,Elementary,M166,P.S. 166 - MANHATTAN,132 WEST 89 STREET,GYM,6014,GYMNASIUM,FALSE,Inside,FALSE,"132 WEST 89 STREET, Manhattan, New York, NY, USA",40.78895,-73.972515
Manhattan,03M166,P.S. 166 The Richard Rodgers School of The Arts and Technology,Elementary,M166,P.S. 166 - MANHATTAN,132 WEST 89 STREET,OUTDOOR YARD 1,4901,OUTDOOR YARD,FALSE,Outside,FALSE,"132 WEST 89 STREET, Manhattan, New York, NY, USA",40.78895,-73.972515
Manhattan,03M166,P.S. 166 The Richard Rodgers School of The Arts and Technology,Elementary,M166,P.S. 166 - MANHATTAN,132 WEST 89 STREET,OUTDOOR YARD 2,2788,OUTDOOR YARD,FALSE,Outside,FALSE,"132 WEST 89 STREET, Manhattan, New York, NY, USA",40.78895,-73.972515
Manhattan,03M199,P.S. 199 Jessie Isador Straus,Elementary,M199,P.S. 199 - MANHATTAN,270 WEST 70 STREET,GYM,4200,GYMNASIUM,FALSE,Inside,FALSE,"270 WEST 70 STREET, Manhattan, New York, NY, USA",40.777764,-73.984735
Manhattan,03M199,P.S. 199 Jessie Isador Straus,Elementary,M199,P.S. 199 - MANHATTAN,270 WEST 70 STREET,OUTDOOR YARD 1,1640,OUTDOOR YARD,FALSE,Outside,FALSE,"270 WEST 70 STREET, Manhattan, New York, NY, USA",40.777764,-73.984735
Manhattan,03M241,STEM Institute of Manhattan,Elementary,M113,P.S. 241 - MANHATTAN,240 WEST 113 STREET,124,3135,GYMNASIUM,TRUE,Inside,FALSE,"240 WEST 113 STREET, Manhattan, New York, NY, USA",40.801585,-73.955212
Manhattan,03M241,STEM Institute of Manhattan,Elementary,M113,P.S. 241 - MANHATTAN,240 WEST 113 STREET,223,486,MULTI-PURPOSE CLASSROOM,FALSE,Inside,TRUE,"240 WEST 113 STREET, Manhattan, New York, NY, USA",40.801585,-73.955212
Manhattan,03M241,STEM Institute of Manhattan,Elementary,M113,P.S. 241 - MANHATTAN,240 WEST 113 STREET,EL GYM,4392,GYMNASIUM,TRUE,Inside,FALSE,"240 WEST 113 STREET, Manhattan, New York, NY, USA",40.801585,-73.955212
Manhattan,03M241,STEM Institute of Manhattan,Elementary,M113,P.S. 241 - MANHATTAN,240 WEST 113 STREET,OUTDOOR YARD 1,25780,OUTDOOR YARD,TRUE,Outside,FALSE,"240 WEST 113 STREET, Manhattan, New York, NY, USA",40.801585,-73.955212
Manhattan,03M242,P.S. 242 - The Young Diplomats Magnet Academy,Elementary,M144,P.S. 242 (OLD P144) - MANHATTAN,134 WEST 122 STREET,GYM,4032,GYMNASIUM,TRUE,Inside,FALSE,"134 WEST 122 STREET, Manhattan, New York, NY, USA",40.806172,-73.948453
Manhattan,03M242,P.S. 242 - The Young Diplomats Magnet Academy,Elementary,M144,P.S. 242 (OLD P144) - MANHATTAN,134 WEST 122 STREET,OUTDOOR YARD 1,26160,OUTDOOR YARD,TRUE,Outside,FALSE,"134 WEST 122 STREET, Manhattan, New York, NY, USA",40.806172,-73.948453
Manhattan,03M242,P.S. 242 - The Young Diplomats Magnet Academy,Elementary,M144,P.S. 242 (OLD P144) - MANHATTAN,134 WEST 122 STREET,OUTDOOR YARD 2,8190,OUTDOOR YARD,TRUE,Outside,FALSE,"134 WEST 122 STREET, Manhattan, New York, NY, USA",40.806172,-73.948453
Manhattan,03M452,P.S. 452,Elementary,M191,P.S. 191 - MANHATTAN,210 WEST 61 STREET,225,3944,GYMNASIUM,FALSE,Inside,FALSE,"210 WEST 61 STREET, Manhattan, New York, NY, USA",40.771708,-73.987295
Manhattan,03M452,P.S. 452,Elementary,M191,P.S. 191 - MANHATTAN,210 WEST 61 STREET,225,3944,GYMNASIUM,FALSE,Inside,FALSE,"210 WEST 61 STREET, Manhattan, New York, NY, USA",40.771708,-73.987295
Manhattan,03M452,P.S. 452,Elementary,M191,P.S. 191 - MANHATTAN,210 WEST 61 STREET,OUTDOOR YARD 1,32546,OUTDOOR YARD,FALSE,Outside,FALSE,"210 WEST 61 STREET, Manhattan, New York, NY, USA",40.771708,-73.987295
Manhattan,03M452,P.S. 452,Elementary,M191,P.S. 191 - MANHATTAN,210 WEST 61 STREET,OUTDOOR YARD 2,900,OUTDOOR YARD,FALSE,Outside,FALSE,"210 WEST 61 STREET, Manhattan, New York, NY, USA",40.771708,-73.987295
Manhattan,03M452,P.S. 452,Elementary,M191,P.S. 191 - MANHATTAN,210 WEST 61 STREET,OUTDOOR YARD 3,800,OUTDOOR YARD,FALSE,Outside,FALSE,"210 WEST 61 STREET, Manhattan, New York, NY, USA",40.771708,-73.987295
Manhattan,04M037,River East Elementary,Elementary,M045,I.S. 45 - MANHATTAN,2351 FIRST AVENUE,250,6500,GYMNASIUM,TRUE,Inside,FALSE,"2351 FIRST AVENUE, Manhattan, New York, NY, USA",40.799166,-73.933708
Manhattan,04M038,P.S. 38 Roberto Clemente,Elementary,M121,P.S. 38 (OLD M121) - MANHATTAN,232 EAST 103 STREET,133,3700,GYMNASIUM,TRUE,Inside,FALSE,"232 EAST 103 STREET, Manhattan, New York, NY, USA",40.788667,-73.944761
Manhattan,04M038,P.S. 38 Roberto Clemente,Elementary,M121,P.S. 38 (OLD M121) - MANHATTAN,232 EAST 103 STREET,214,846,MULTI-PURPOSE CLASSROOM,FALSE,Inside,TRUE,"232 EAST 103 STREET, Manhattan, New York, NY, USA",40.788667,-73.944761
Manhattan,04M083,P.S. 083 Luis Munoz Rivera,Elementary,M083,P.S. 83 - MANHATTAN,219 EAST 109 STREET,GYM,4050,GYMNASIUM,TRUE,Inside,FALSE,"219 EAST 109 STREET, Manhattan, New York, NY, USA",40.793211,-73.942064
Manhattan,04M083,P.S. 083 Luis Munoz Rivera,Elementary,M083,P.S. 83 - MANHATTAN,219 EAST 109 STREET,OUTDOOR YARD 1,51000,OUTDOOR YARD,TRUE,Outside,FALSE,"219 EAST 109 STREET, Manhattan, New York, NY, USA",40.793211,-73.942064
Manhattan,04M102,P.S. 102 Jacques Cartier,Elementary,M102,P.S. 102 - MANHATTAN,315 EAST 113 STREET,OUTDOOR YARD 1,2185,OUTDOOR YARD,FALSE,Outside,FALSE,"315 EAST 113 STREET, Manhattan, New York, NY, USA",40.794981,-73.938363
Manhattan,04M102,P.S. 102 Jacques Cartier,Elementary,M102,P.S. 102 - MANHATTAN,315 EAST 113 STREET,PLAYRM,1488,ADAPTIVE PHYSICAL EDUCATION,FALSE,Inside,FALSE,"315 EAST 113 STREET, Manhattan, New York, NY, USA",40.794981,-73.938363
Manhattan,04M102,P.S. 102 Jacques Cartier,Elementary,M102,P.S. 102 - MANHATTAN,315 EAST 113 STREET,PLAYRM,1488,ADAPTIVE PHYSICAL EDUCATION,FALSE,Inside,FALSE,"315 EAST 113 STREET, Manhattan, New York, NY, USA",40.794981,-73.938363
Manhattan,04M146,P.S. 146 Ann M. Short,Elementary,M146,P.S. 146 - MANHATTAN,421 EAST 106 STREET,116,624,MULTI-PURPOSE CLASSROOM,FALSE,Inside,TRUE,"421 EAST 106 STREET, Manhattan, New York, NY, USA",40.789696,-73.939076
Manhattan,04M146,P.S. 146 Ann M. Short,Elementary,M146,P.S. 146 - MANHATTAN,421 EAST 106 STREET,203,624,MULTI-PURPOSE CLASSROOM,FALSE,Inside,TRUE,"421 EAST 106 STREET, Manhattan, New York, NY, USA",40.789696,-73.939076
Manhattan,04M146,P.S. 146 Ann M. Short,Elementary,M146,P.S. 146 - MANHATTAN,421 EAST 106 STREET,325,624,MULTI-PURPOSE CLASSROOM,FALSE,Inside,TRUE,"421 EAST 106 STREET, Manhattan, New York, NY, USA",40.789696,-73.939076
Manhattan,04M146,P.S. 146 Ann M. Short,Elementary,M146,P.S. 146 - MANHATTAN,421 EAST 106 STREET,GYM,3900,GYMNASIUM,TRUE,Inside,FALSE,"421 EAST 106 STREET, Manhattan, New York, NY, USA",40.789696,-73.939076
Manhattan,04M146,P.S. 146 Ann M. Short,Elementary,M146,P.S. 146 - MANHATTAN,421 EAST 106 STREET,OUTDOOR YARD 1,3600,OUTDOOR YARD,FALSE,Outside,FALSE,"421 EAST 106 STREET, Manhattan, New York, NY, USA",40.789696,-73.939076
Manhattan,04M155,P.S. 155 William Paca,Elementary,M155,P.S. 155 - MANHATTAN,319 EAST 117 STREET,121,625,MULTI-PURPOSE NON CLASSROOM,FALSE,Inside,TRUE,"319 EAST 117 STREET, Manhattan, New York, NY, USA",40.797494,-73.936171
Manhattan,04M155,P.S. 155 William Paca,Elementary,M155,P.S. 155 - MANHATTAN,319 EAST 117 STREET,GYM,3795,GYMNASIUM,TRUE,Inside,FALSE,"319 EAST 117 STREET, Manhattan, New York, NY, USA",40.797494,-73.936171
Manhattan,04M182,The Bilingual Bicultural School,Elementary,M083,P.S. 83 - MANHATTAN,219 EAST 109 STREET,GYM,4050,GYMNASIUM,TRUE,Inside,FALSE,"219 EAST 109 STREET, Manhattan, New York, NY, USA",40.793211,-73.942064
Manhattan,04M182,The Bilingual Bicultural School,Elementary,M083,P.S. 83 - MANHATTAN,219 EAST 109 STREET,OUTDOOR YARD 1,51000,OUTDOOR YARD,TRUE,Outside,FALSE,"219 EAST 109 STREET, Manhattan, New York, NY, USA",40.793211,-73.942064
Manhattan,05M133,P.S. 133 Fred R Moore,Elementary,M133,P.S. 133 - MANHATTAN,2121 5 AVENUE,GYM,3600,GYMNASIUM,FALSE,Inside,FALSE,"2121 5 AVENUE, Manhattan, New York, NY, USA",40.809655,-73.938961
Manhattan,04M375,Mosaic Preparatory Academy,Elementary,M101,P.S. 101 - MANHATTAN,141 EAST 111 STREET,426,2860,GYMNASIUM,TRUE,Inside,FALSE,"141 EAST 111 STREET, Manhattan, New York, NY, USA",40.796318,-73.944551
Manhattan,04M375,Mosaic Preparatory Academy,Elementary,M101,P.S. 101 - MANHATTAN,141 EAST 111 STREET,524,264,MULTI-PURPOSE CLASSROOM,FALSE,Inside,TRUE,"141 EAST 111 STREET, Manhattan, New York, NY, USA",40.796318,-73.944551
Manhattan,04M375,Mosaic Preparatory Academy,Elementary,M101,P.S. 101 - MANHATTAN,141 EAST 111 STREET,562,2860,GYMNASIUM,TRUE,Inside,FALSE,"141 EAST 111 STREET, Manhattan, New York, NY, USA",40.796318,-73.944551
Manhattan,04M375,Mosaic Preparatory Academy,Elementary,M101,P.S. 101 - MANHATTAN,141 EAST 111 STREET,EPLAY,1323,MULTI-PURPOSE NON CLASSROOM,FALSE,Inside,TRUE,"141 EAST 111 STREET, Manhattan, New York, NY, USA",40.796318,-73.944551
Manhattan,04M375,Mosaic Preparatory Academy,Elementary,M101,P.S. 101 - MANHATTAN,141 EAST 111 STREET,OUTDOOR YARD 1,14432,OUTDOOR YARD,FALSE,Outside,FALSE,"141 EAST 111 STREET, Manhattan, New York, NY, USA",40.796318,-73.944551
Manhattan,04M375,Mosaic Preparatory Academy,Elementary,M101,P.S. 101 - MANHATTAN,141 EAST 111 STREET,OUTDOOR YARD 2,11500,OUTDOOR YARD,FALSE,Outside,FALSE,"141 EAST 111 STREET, Manhattan, New York, NY, USA",40.796318,-73.944551
Manhattan,04M375,Mosaic Preparatory Academy,Elementary,M101,P.S. 101 - MANHATTAN,141 EAST 111 STREET,OUTDOOR YARD 3,4134,OUTDOOR YARD,FALSE,Outside,FALSE,"141 EAST 111 STREET, Manhattan, New York, NY, USA",40.796318,-73.944551
Manhattan,04M497,Central Park East I,Elementary,M013,I.S. 13 - MANHATTAN,1573 MADISON AVENUE,GYM,6500,GYMNASIUM,TRUE,Inside,FALSE,"1573 MADISON AVENUE, Manhattan, New York, NY, USA",40.793747,-73.948448
Manhattan,04M497,Central Park East I,Elementary,M013,I.S. 13 - MANHATTAN,1573 MADISON AVENUE,OUTDOOR YARD 1,19300,OUTDOOR YARD,TRUE,Outside,FALSE,"1573 MADISON AVENUE, Manhattan, New York, NY, USA",40.793747,-73.948448
Manhattan,05M133,P.S. 133 Fred R Moore,Elementary,M133,P.S. 133 - MANHATTAN,2121 5 AVENUE,OUTDOOR YARD 1,8578,OUTDOOR YARD,FALSE,Outside,FALSE,"2121 5 AVENUE, Manhattan, New York, NY, USA",40.809655,-73.938961
Manhattan,05M036,P.S. 036 Margaret Douglas,Elementary,M036,P.S. 36 - MANHATTAN,123 MORNINGSIDE DRIVE,258,672,DANCE ROOM,FALSE,Inside,FALSE,"123 MORNINGSIDE DRIVE, Manhattan, New York, NY, USA",40.810612,-73.957417
Manhattan,05M036,P.S. 036 Margaret Douglas,Elementary,M036,P.S. 36 - MANHATTAN,123 MORNINGSIDE DRIVE,261,340,ADAPTIVE PHYSICAL EDUCATION,FALSE,Inside,FALSE,"123 MORNINGSIDE DRIVE, Manhattan, New York, NY, USA",40.810612,-73.957417
Manhattan,05M036,P.S. 036 Margaret Douglas,Elementary,M036,P.S. 36 - MANHATTAN,123 MORNINGSIDE DRIVE,OUTDOOR YARD 1,1522,OUTDOOR YARD,FALSE,Outside,FALSE,"123 MORNINGSIDE DRIVE, Manhattan, New York, NY, USA",40.810612,-73.957417
Manhattan,05M036,P.S. 036 Margaret Douglas,Elementary,M036,P.S. 36 - MANHATTAN,123 MORNINGSIDE DRIVE,OUTDOOR YARD 2,680,OUTDOOR YARD,FALSE,Outside,FALSE,"123 MORNINGSIDE DRIVE, Manhattan, New York, NY, USA",40.810612,-73.957417
Manhattan,05M092,P.S. 092 Mary McLeod Bethune,Elementary,M092,P.S. 92 - MANHATTAN,222 WEST 134 STREET,GYM,4032,GYMNASIUM,TRUE,Inside,FALSE,"222 WEST 134 STREET, Manhattan, New York, NY, USA",40.814947,-73.945473
Manhattan,05M092,P.S. 092 Mary McLeod Bethune,Elementary,M092,P.S. 92 - MANHATTAN,222 WEST 134 STREET,OUTDOOR YARD 1,21079,OUTDOOR YARD,TRUE,Outside,FALSE,"222 WEST 134 STREET, Manhattan, New York, NY, USA",40.814947,-73.945473
Manhattan,05M125,P.S. 125 Ralph Bunche,Elementary,M125,P.S. 125 - MANHATTAN,425 WEST 123 STREET,E.GYM,3825,GYMNASIUM,TRUE,Inside,FALSE,"425 WEST 123 STREET, Manhattan, New York, NY, USA",40.810803,-73.956092
Manhattan,05M125,P.S. 125 Ralph Bunche,Elementary,M125,P.S. 125 - MANHATTAN,425 WEST 123 STREET,POOL,3720,SWIMMING POOL,FALSE,Inside,FALSE,"425 WEST 123 STREET, Manhattan, New York, NY, USA",40.810803,-73.956092
Manhattan,05M125,P.S. 125 Ralph Bunche,Elementary,M125,P.S. 125 - MANHATTAN,425 WEST 123 STREET,W.GYM,3825,GYMNASIUM,TRUE,Inside,FALSE,"425 WEST 123 STREET, Manhattan, New York, NY, USA",40.810803,-73.956092
Manhattan,05M133,P.S. 133 Fred R Moore,Elementary,M133,P.S. 133 - MANHATTAN,2121 5 AVENUE,241,693,DANCE ROOM,FALSE,Inside,FALSE,"2121 5 AVENUE, Manhattan, New York, NY, USA",40.809655,-73.938961
Manhattan,05M133,P.S. 133 Fred R Moore,Elementary,M133,P.S. 133 - MANHATTAN,2121 5 AVENUE,GYM,3600,GYMNASIUM,FALSE,Inside,FALSE,"2121 5 AVENUE, Manhattan, New York, NY, USA",40.809655,-73.938961
Manhattan,05M133,P.S. 133 Fred R Moore,Elementary,M133,P.S. 133 - MANHATTAN,2121 5 AVENUE,OUTDOOR YARD 2,33257,OUTDOOR YARD,FALSE,Outside,FALSE,"2121 5 AVENUE, Manhattan, New York, NY, USA",40.809655,-73.938961
Manhattan,05M154,P.S. 154 Harriet Tubman,Elementary,M154,P.S. 154 - MANHATTAN,250 WEST 127 STREET,223,378,AUXILIARY EXERCISE ROOM,FALSE,Inside,FALSE,"250 WEST 127 STREET, Manhattan, New York, NY, USA",40.810539,-73.948552
Manhattan,05M154,P.S. 154 Harriet Tubman,Elementary,M154,P.S. 154 - MANHATTAN,250 WEST 127 STREET,GYM,4730,GYMNASIUM,TRUE,Inside,FALSE,"250 WEST 127 STREET, Manhattan, New York, NY, USA",40.810539,-73.948552
Manhattan,05M154,P.S. 154 Harriet Tubman,Elementary,M154,P.S. 154 - MANHATTAN,250 WEST 127 STREET,OUTDOOR YARD 1,32240,OUTDOOR YARD,TRUE,Outside,FALSE,"250 WEST 127 STREET, Manhattan, New York, NY, USA",40.810539,-73.948552
Manhattan,05M175,P.S. 175 Henry H Garnet,Elementary,M175,P.S. 175 - MANHATTAN,175 WEST 134 STREET,GYM.,3740,GYMNASIUM,TRUE,Inside,FALSE,"175 WEST 134 STREET, Manhattan, New York, NY, USA",40.814406,-73.942685
Manhattan,05M175,P.S. 175 Henry H Garnet,Elementary,M175,P.S. 175 - MANHATTAN,175 WEST 134 STREET,OUTDOOR YARD 1,32400,OUTDOOR YARD,FALSE,Outside,FALSE,"175 WEST 134 STREET, Manhattan, New York, NY, USA",40.814406,-73.942685
Manhattan,05M194,P.S. 194 Countee Cullen,Elementary,M194,P.S. 194 - MANHATTAN,244 WEST 144 STREET,221,572,MULTI-PURPOSE CLASSROOM,FALSE,Inside,TRUE,"244 WEST 144 STREET, Manhattan, New York, NY, USA",40.821228,-73.940693
Manhattan,05M194,P.S. 194 Countee Cullen,Elementary,M194,P.S. 194 - MANHATTAN,244 WEST 144 STREET,221,572,MULTI-PURPOSE CLASSROOM,FALSE,Inside,TRUE,"244 WEST 144 STREET, Manhattan, New York, NY, USA",40.821228,-73.940693
Manhattan,05M194,P.S. 194 Countee Cullen,Elementary,M194,P.S. 194 - MANHATTAN,244 WEST 144 STREET,GYM,4176,GYMNASIUM,TRUE,Inside,FALSE,"244 WEST 144 STREET, Manhattan, New York, NY, USA",40.821228,-73.940693
Manhattan,05M194,P.S. 194 Countee Cullen,Elementary,M194,P.S. 194 - MANHATTAN,244 WEST 144 STREET,OUTDOOR YARD 1,22000,OUTDOOR YARD,TRUE,Outside,FALSE,"244 WEST 144 STREET, Manhattan, New York, NY, USA",40.821228,-73.940693
Manhattan,05M197,P.S. 197 John B. Russwurm,Elementary,M197,P.S. 197 - MANHATTAN,2230 5 AVENUE,GYM,3942,GYMNASIUM,TRUE,Inside,FALSE,"2230 5 AVENUE, Manhattan, New York, NY, USA",40.813302,-73.93783
Manhattan,05M197,P.S. 197 John B. Russwurm,Elementary,M197,P.S. 197 - MANHATTAN,2230 5 AVENUE,OUTDOOR YARD 1,4275,OUTDOOR YARD,TRUE,Outside,FALSE,"2230 5 AVENUE, Manhattan, New York, NY, USA",40.813302,-73.93783
Manhattan,05M200,P.S. 200- The James Mccune Smith School,Elementary,M200,P.S. 200 (TANDEM M010) - MANHATTAN,2589 7 AVENUE,330/332,1344,DANCE ROOM,FALSE,Inside,FALSE,"2589 7 AVENUE, Manhattan, New York, NY, USA",40.823895,-73.935702
Manhattan,05M200,P.S. 200- The James Mccune Smith School,Elementary,M200,P.S. 200 (TANDEM M010) - MANHATTAN,2589 7 AVENUE,OUTDOOR YARD 1,5520,OUTDOOR YARD,FALSE,Outside,FALSE,"2589 7 AVENUE, Manhattan, New York, NY, USA",40.823895,-73.935702
Manhattan,05M200,P.S. 200- The James Mccune Smith School,Elementary,M200,P.S. 200 (TANDEM M010) - MANHATTAN,2589 7 AVENUE,OUTDOOR YARD 2,1038,OUTDOOR YARD,FALSE,Outside,FALSE,"2589 7 AVENUE, Manhattan, New York, NY, USA",40.823895,-73.935702
Manhattan,05M318,Thurgood Marshall Academy Lower School,Elementary,M371,P.S. 318 - MANHATTAN,276 WEST 151ST STREET,OUTDOOR YARD 1,5000,OUTDOOR YARD,FALSE,Outside,FALSE,"276 WEST 151 STREET, Manhattan, New York, NY, USA",40.825859,-73.937799
Manhattan,06M004,P.S. 004 Duke Ellington,Elementary,M004,P.S. 4 - MANHATTAN,500 WEST 160 STREET,122,2668,GYMNASIUM,FALSE,Inside,FALSE,"500 WEST 160 STREET, Manhattan, New York, NY, USA",40.834871,-73.941639
Manhattan,06M005,P.S. 005 Ellen Lurie,Elementary,M005,P.S. 5 - MANHATTAN,3703 TENTH AVENUE,129,3306,GYMNASIUM,FALSE,Inside,FALSE,"3703 TENTH AVENUE, Manhattan, New York, NY, USA",40.858086,-73.922198
Manhattan,06M005,P.S. 005 Ellen Lurie,Elementary,M005,P.S. 5 - MANHATTAN,3703 TENTH AVENUE,316,675,MULTI-PURPOSE CLASSROOM,FALSE,Inside,TRUE,"3703 TENTH AVENUE, Manhattan, New York, NY, USA",40.858086,-73.922198
Manhattan,06M005,P.S. 005 Ellen Lurie,Elementary,M005,P.S. 5 - MANHATTAN,3703 TENTH AVENUE,OUTDOOR YARD 1,6966,OUTDOOR YARD,FALSE,Outside,FALSE,"3703 TENTH AVENUE, Manhattan, New York, NY, USA",40.858086,-73.922198
Manhattan,06M005,P.S. 005 Ellen Lurie,Elementary,M005,P.S. 5 - MANHATTAN,3703 TENTH AVENUE,OUTDOOR YARD 2,1000,OUTDOOR YARD,FALSE,Outside,FALSE,"3703 TENTH AVENUE, Manhattan, New York, NY, USA",40.858086,-73.922198
Manhattan,06M008,P.S. 008 Luis Belliard,Elementary,M008,P.S. 8 - MANHATTAN,465 WEST 167 STREET,121/GYM,2592,GYMNASIUM,FALSE,Inside,FALSE,"465 WEST 167 STREET, Manhattan, New York, NY, USA",40.839155,-73.936597
Manhattan,06M008,P.S. 008 Luis Belliard,Elementary,M008,P.S. 8 - MANHATTAN,465 WEST 167 STREET,OUTDOOR YARD 1,1953,OUTDOOR YARD,FALSE,Outside,FALSE,"465 WEST 167 STREET, Manhattan, New York, NY, USA",40.839155,-73.936597
Manhattan,06M008,P.S. 008 Luis Belliard,Elementary,M008,P.S. 8 - MANHATTAN,465 WEST 167 STREET,OUTDOOR YARD 2,118,OUTDOOR YARD,FALSE,Outside,FALSE,"465 WEST 167 STREET, Manhattan, New York, NY, USA",40.839155,-73.936597
Manhattan,06M028,P.S. 028 Wright Brothers,Elementary,M028,P.S. 28 - MANHATTAN,475 WEST 155 STREET,145,3990,GYMNASIUM,FALSE,Inside,FALSE,"475 WEST 155 STREET, Manhattan, New York, NY, USA",40.831639,-73.942402
Manhattan,06M028,P.S. 028 Wright Brothers,Elementary,M028,P.S. 28 - MANHATTAN,475 WEST 155 STREET,OUTDOOR YARD 1,800,OUTDOOR YARD,FALSE,Outside,FALSE,"475 WEST 155 STREET, Manhattan, New York, NY, USA",40.831639,-73.942402
Manhattan,06M098,P.S. 098 Shorac Kappock,Elementary,M098,P.S. 98 - MANHATTAN,512 WEST 212 STREET,206,588,MULTI-PURPOSE CLASSROOM,FALSE,Inside,TRUE,"512 WEST 212 STREET, Manhattan, New York, NY, USA",40.867772,-73.917527
Manhattan,06M098,P.S. 098 Shorac Kappock,Elementary,M098,P.S. 98 - MANHATTAN,512 WEST 212 STREET,206,588,MULTI-PURPOSE CLASSROOM,FALSE,Inside,TRUE,"512 WEST 212 STREET, Manhattan, New York, NY, USA",40.867772,-73.917527
Manhattan,06M098,P.S. 098 Shorac Kappock,Elementary,M098,P.S. 98 - MANHATTAN,512 WEST 212 STREET,DANCERM,4482,GYMNASIUM,FALSE,Inside,FALSE,"512 WEST 212 STREET, Manhattan, New York, NY, USA",40.867772,-73.917527
Manhattan,06M098,P.S. 098 Shorac Kappock,Elementary,M098,P.S. 98 - MANHATTAN,512 WEST 212 STREET,OUTDOOR YARD 1,7050,OUTDOOR YARD,FALSE,Outside,FALSE,"512 WEST 212 STREET, Manhattan, New York, NY, USA",40.867772,-73.917527
Manhattan,06M103,Dos Puentes Elementary School,Elementary,M132,P.S. 132 - MANHATTAN,185 WADSWORTH AVENUE,409,600,DANCE ROOM,FALSE,Inside,FALSE,"185 WADSWORTH AVENUE, Manhattan, New York, NY, USA",40.850523,-73.933968
Manhattan,06M103,Dos Puentes Elementary School,Elementary,M132,P.S. 132 - MANHATTAN,185 WADSWORTH AVENUE,511,1155,GYMNASIUM,TRUE,Inside,FALSE,"185 WADSWORTH AVENUE, Manhattan, New York, NY, USA",40.850523,-73.933968
Manhattan,06M103,Dos Puentes Elementary School,Elementary,M132,P.S. 132 - MANHATTAN,185 WADSWORTH AVENUE,514,598,MULTI-PURPOSE CLASSROOM,FALSE,Inside,TRUE,"185 WADSWORTH AVENUE, Manhattan, New York, NY, USA",40.850523,-73.933968
Manhattan,06M103,Dos Puentes Elementary School,Elementary,M132,P.S. 132 - MANHATTAN,185 WADSWORTH AVENUE,CAF,6912,MULTI-PURPOSE NON CLASSROOM,FALSE,Inside,TRUE,"185 WADSWORTH AVENUE, Manhattan, New York, NY, USA",40.850523,-73.933968
Manhattan,06M115,P.S. 115 Alexander Humboldt,Elementary,M115,P.S. 115 - MANHATTAN,586 WEST 177 STREET,GYM-FR,1472,GYMNASIUM,TRUE,Inside,FALSE,"586 WEST 177 STREET, Manhattan, New York, NY, USA",40.84633,-73.935142
Manhattan,06M115,P.S. 115 Alexander Humboldt,Elementary,M115,P.S. 115 - MANHATTAN,586 WEST 177 STREET,GYM-RE,3799,GYMNASIUM,TRUE,Inside,FALSE,"586 WEST 177 STREET, Manhattan, New York, NY, USA",40.84633,-73.935142
Manhattan,06M115,P.S. 115 Alexander Humboldt,Elementary,M115,P.S. 115 - MANHATTAN,586 WEST 177 STREET,OUTDOOR YARD 1,1000,OUTDOOR YARD,FALSE,Outside,FALSE,"586 WEST 177 STREET, Manhattan, New York, NY, USA",40.84633,-73.935142
Manhattan,06M128,P.S. 128 Audubon,Elementary,M128,P.S. 128 - MANHATTAN,560 WEST 169 STREET,120,624,DANCE ROOM,FALSE,Inside,FALSE,"560 WEST 169 STREET, Manhattan, New York, NY, USA",40.840965,-73.938751
Manhattan,06M128,P.S. 128 Audubon,Elementary,M128,P.S. 128 - MANHATTAN,560 WEST 169 STREET,123,3850,GYMNASIUM,TRUE,Inside,FALSE,"560 WEST 169 STREET, Manhattan, New York, NY, USA",40.840965,-73.938751
Manhattan,06M128,P.S. 128 Audubon,Elementary,M128,P.S. 128 - MANHATTAN,560 WEST 169 STREET,2,1375,MULTI-PURPOSE ROOM,FALSE,Inside,TRUE,"560 WEST 169 STREET, Manhattan, New York, NY, USA",40.840965,-73.938751
Manhattan,06M128,P.S. 128 Audubon,Elementary,M128,P.S. 128 - MANHATTAN,560 WEST 169 STREET,OUTDOOR YARD 1,1200,OUTDOOR YARD,TRUE,Outside,FALSE,"560 WEST 169 STREET, Manhattan, New York, NY, USA",40.840965,-73.938751
Manhattan,06M132,P.S. 132 Juan Pablo Duarte,Elementary,M132,P.S. 132 - MANHATTAN,185 WADSWORTH AVENUE,511,1155,GYMNASIUM,TRUE,Inside,FALSE,"185 WADSWORTH AVENUE, Manhattan, New York, NY, USA",40.850523,-73.933968
Manhattan,06M152,P.S. 152 Dyckman Valley,Elementary,M152,P.S. 152 - MANHATTAN,93 NAGLE AVENUE,107,5076,MULTI-PURPOSE NON CLASSROOM,FALSE,Inside,TRUE,"93 NAGLE AVENUE, Manhattan, New York, NY, USA",40.860153,-73.927604
Manhattan,06M152,P.S. 152 Dyckman Valley,Elementary,M152,P.S. 152 - MANHATTAN,93 NAGLE AVENUE,354,4234,GYMNASIUM,FALSE,Inside,FALSE,"93 NAGLE AVENUE, Manhattan, New York, NY, USA",40.860153,-73.927604
Manhattan,06M152,P.S. 152 Dyckman Valley,Elementary,M152,P.S. 152 - MANHATTAN,93 NAGLE AVENUE,354,4234,GYMNASIUM,FALSE,Inside,FALSE,"93 NAGLE AVENUE, Manhattan, New York, NY, USA",40.860153,-73.927604
Manhattan,06M152,P.S. 152 Dyckman Valley,Elementary,M152,P.S. 152 - MANHATTAN,93 NAGLE AVENUE,OUTDOOR YARD 1,13135,OUTDOOR YARD,FALSE,Outside,FALSE,"93 NAGLE AVENUE, Manhattan, New York, NY, USA",40.860153,-73.927604
Manhattan,06M153,P.S. 153 Adam Clayton Powell,Elementary,M153,P.S. 153 - MANHATTAN,1750 AMSTERDAM AVENUE,146,1232,DANCE ROOM,FALSE,Inside,FALSE,"1750 AMSTERDAM AVENUE, Manhattan, New York, NY, USA",40.826456,-73.947463
Manhattan,06M153,P.S. 153 Adam Clayton Powell,Elementary,M153,P.S. 153 - MANHATTAN,1750 AMSTERDAM AVENUE,315,264,ADAPTIVE PHYSICAL EDUCATION,FALSE,Inside,FALSE,"1750 AMSTERDAM AVENUE, Manhattan, New York, NY, USA",40.826456,-73.947463
Manhattan,06M153,P.S. 153 Adam Clayton Powell,Elementary,M153,P.S. 153 - MANHATTAN,1750 AMSTERDAM AVENUE,GYM.,2623,GYMNASIUM,TRUE,Inside,FALSE,"1750 AMSTERDAM AVENUE, Manhattan, New York, NY, USA",40.826456,-73.947463
Manhattan,06M153,P.S. 153 Adam Clayton Powell,Elementary,M153,P.S. 153 - MANHATTAN,1750 AMSTERDAM AVENUE,OUTDOOR YARD 1,3750,OUTDOOR YARD,TRUE,Outside,FALSE,"1750 AMSTERDAM AVENUE, Manhattan, New York, NY, USA",40.826456,-73.947463
Manhattan,06M173,P.S. 173,Elementary,M173,P.S. 173 - MANHATTAN,306 FORT WASHINGTON AVENUE,1000,3900,MULTI-PURPOSE NON CLASSROOM,FALSE,Inside,TRUE,"306 FORT WASHINGTON AVENUE, Manhattan, New York, NY, USA",40.845685,-73.9399
Manhattan,06M173,P.S. 173,Elementary,M173,P.S. 173 - MANHATTAN,306 FORT WASHINGTON AVENUE,101,918,DANCE ROOM,FALSE,Inside,FALSE,"306 FORT WASHINGTON AVENUE, Manhattan, New York, NY, USA",40.845685,-73.9399
Manhattan,06M173,P.S. 173,Elementary,M173,P.S. 173 - MANHATTAN,306 FORT WASHINGTON AVENUE,300,4452,GYMNASIUM,TRUE,Inside,FALSE,"306 FORT WASHINGTON AVENUE, Manhattan, New York, NY, USA",40.845685,-73.9399
Manhattan,06M173,P.S. 173,Elementary,M173,P.S. 173 - MANHATTAN,306 FORT WASHINGTON AVENUE,OUTDOOR YARD 1,14600,OUTDOOR YARD,TRUE,Outside,FALSE,"306 FORT WASHINGTON AVENUE, Manhattan, New York, NY, USA",40.845685,-73.9399
Manhattan,06M189,P.S. 189,Elementary,M189,P.S. 189 - MANHATTAN,2580 AMSTERDAM AVENUE,CAF/OLD,1798,GYMNASIUM,FALSE,Inside,FALSE,"2580 AMSTERDAM AVENUE, Manhattan, New York, NY, USA",40.852866,-73.927861
Manhattan,06M189,P.S. 189,Elementary,M189,P.S. 189 - MANHATTAN,2580 AMSTERDAM AVENUE,GYM,1792,GYMNASIUM,FALSE,Inside,FALSE,"2580 AMSTERDAM AVENUE, Manhattan, New York, NY, USA",40.852866,-73.927861
Manhattan,06M189,P.S. 189,Elementary,M189,P.S. 189 - MANHATTAN,2580 AMSTERDAM AVENUE,GYM,1792,GYMNASIUM,FALSE,Inside,FALSE,"2580 AMSTERDAM AVENUE, Manhattan, New York, NY, USA",40.852866,-73.927861
Manhattan,06M189,P.S. 189,Elementary,M189,P.S. 189 - MANHATTAN,2580 AMSTERDAM AVENUE,OUTDOOR YARD 1,20000,OUTDOOR YARD,FALSE,Outside,FALSE,"2580 AMSTERDAM AVENUE, Manhattan, New York, NY, USA",40.852866,-73.927861
Manhattan,06M192,P.S. 192 Jacob H. Schiff,Elementary,M192,P.S. 192 - MANHATTAN,500 WEST 138 STREET,GYM,4810,GYMNASIUM,TRUE,Inside,FALSE,"500 WEST 138 STREET, Manhattan, New York, NY, USA",40.820959,-73.953271
Manhattan,06M192,P.S. 192 Jacob H. Schiff,Elementary,M192,P.S. 192 - MANHATTAN,500 WEST 138 STREET,OUTDOOR YARD 1,11250,OUTDOOR YARD,TRUE,Outside,FALSE,"500 WEST 138 STREET, Manhattan, New York, NY, USA",40.820959,-73.953271
Manhattan,06M192,P.S. 192 Jacob H. Schiff,Elementary,M192,P.S. 192 - MANHATTAN,500 WEST 138 STREET,OUTDOOR YARD 2,7335,OUTDOOR YARD,TRUE,Outside,FALSE,"500 WEST 138 STREET, Manhattan, New York, NY, USA",40.820959,-73.953271
Manhattan,06M314,Muscota,Elementary,M176,P.S./I.S. 176 - MANHATTAN,4862 BROADWAY,125,2596,GYMNASIUM,TRUE,Inside,FALSE,"4862 BROADWAY, Manhattan, New York, NY, USA",40.866364,-73.924041
Manhattan,06M368,Hamilton Heights School,Elementary,M153,P.S. 153 - MANHATTAN,1750 AMSTERDAM AVENUE,GYM.,2623,GYMNASIUM,TRUE,Inside,FALSE,"1750 AMSTERDAM AVENUE, Manhattan, New York, NY, USA",40.826456,-73.947463
Manhattan,06M368,Hamilton Heights School,Elementary,M153,P.S. 153 - MANHATTAN,1750 AMSTERDAM AVENUE,OUTDOOR YARD 1,3750,OUTDOOR YARD,TRUE,Outside,FALSE,"1750 AMSTERDAM AVENUE, Manhattan, New York, NY, USA",40.826456,-73.947463
Manhattan,06M513,Castle Bridge School,Elementary,M128,P.S. 128 - MANHATTAN,560 WEST 169 STREET,123,3850,GYMNASIUM,TRUE,Inside,FALSE,"560 WEST 169 STREET, Manhattan, New York, NY, USA",40.840965,-73.938751
Manhattan,06M513,Castle Bridge School,Elementary,M128,P.S. 128 - MANHATTAN,560 WEST 169 STREET,OUTDOOR YARD 1,1200,OUTDOOR YARD,TRUE,Outside,FALSE,"560 WEST 169 STREET, Manhattan, New York, NY, USA",40.840965,-73.938751
