Borough,Geographical  District,Admin District,ATS Code,LocationName,Grade Level,BldgID,Bldg Name,Address,Ownership,Room Number,sqft,Room Function,Shared with other schools?,Insidevoutside,Space used for any other purpose beside PE,_location,_latitude,_longitude,_status,_bin,_bbl
Manhattan,1,1,01M015,P.S. 015 Roberto Clemente,Elementary,M015,P.S. 15 - MANHATTAN,333 EAST 4 STREET,DOE Owned,GYM.,3243,GYMNASIUM,TRUE,Inside,FALSE,"333 EAST 4 STREET, Manhattan, New York, NY, USA",40.721882,-73.978712,Checked,1004415,1003740020
Manhattan,1,1,01M019,P.S. 019 Asher Levy,Elementary,M019,P.S. 19 - MANHATTAN,185 1 AVENUE,DOE Owned,GYM,3942,GYMNASIUM,TRUE,Inside,FALSE,"185 1 AVENUE, Manhattan, New York, NY, USA",40.72989,-73.98423,Checked,1006478,1004530034
Manhattan,1,1,01M020,P.S. 020 Anna Silver,Elementary,M020,P.S. 20 - MANHATTAN,166 ESSEX STREET,DOE Owned,122/24S,1080,MULTI-PURPOSE CLASSROOM,FALSE,Inside,TRUE,"166 ESSEX STREET, Manhattan, New York, NY, USA",40.721276,-73.986316,Checked,1004325,1003550001
Manhattan,1,1,01M063,The STAR Academy - P.S.63,Elementary,M063,P.S. 63 - MANHATTAN,121 EAST 3 STREET,DOE Owned,114,728,DANCE ROOM,FALSE,Inside,FALSE,"121 EAST 3 STREET, Manhattan, New York, NY, USA",40.724436,-73.986313,Checked,1005760,1004310014
Manhattan,1,1,01M064,P.S. 064 Robert Simon,Elementary,M064,P.S. 64 (OLD 71) - MANHATTAN,600 EAST 6 STREET,DOE Owned,224,1650,MULTI-PURPOSE CLASSROOM,FALSE,Inside,TRUE,"600 EAST 6 STREET, Manhattan, New York, NY, USA",40.724144,-73.981602,Checked,1004627,1003870001
Manhattan,1,1,01M110,P.S. 110 Florence Nightingale,Elementary,M110,P.S. 110 - MANHATTAN,285 DELANCY STREET,DOE Owned,GYM,3367,GYMNASIUM,FALSE,Inside,FALSE,"285 DELANCY STREET, Manhattan, New York, NY, USA",40.715416,-73.979994,Checked,1004066,1003310140
Manhattan,1,1,01M134,P.S. 134 Henrietta Szold,Elementary,M134,P.S. 134 - MANHATTAN,293 EAST BROADWAY,DOE Owned,140,920,DANCE ROOM,FALSE,Inside,FALSE,"293 EAST BROADWAY, Manhattan, New York, NY, USA",40.714328,-73.982978,Checked,1003736,1002880015
Manhattan,1,1,01M142,P.S. 142 Amalia Castro,Elementary,M142,P.S. 142 - MANHATTAN,100 ATTORNEY STREET,DOE Owned,140,3000,GYMNASIUM,TRUE,Inside,FALSE,"100 ATTORNEY STREET, Manhattan, New York, NY, USA",40.718226,-73.984085,Checked,1004080,1003430001
Manhattan,1,1,01M315,The East Village Community School,Elementary,M061,P.S. 61 - MANHATTAN,610 EAST 12 STREET,DOE Owned,412,728,AUXILIARY EXERCISE ROOM,FALSE,Inside,FALSE,"610 EAST 12 STREET, Manhattan, New York, NY, USA",40.72763,-73.978427,Checked,1079053,1003940012
Manhattan,1,1,01M363,Neighborhood School,Elementary,M063,P.S. 63 - MANHATTAN,121 EAST 3 STREET,DOE Owned,417,1500,GYMNASIUM,TRUE,Inside,FALSE,"121 EAST 3 STREET, Manhattan, New York, NY, USA",40.724436,-73.986313,Checked,1005760,1004310014
Manhattan,1,1,01M364,Earth School,Elementary,M064,P.S. 64 (OLD 71) - MANHATTAN,600 EAST 6 STREET,DOE Owned,B53,6336,GYMNASIUM,TRUE,Inside,FALSE,"600 EAST 6 STREET, Manhattan, New York, NY, USA",40.724144,-73.981602,Checked,1004627,1003870001
Manhattan,2,2,02M001,P.S. 001 Alfred E. Smith,Elementary,M001,P.S. 1 - MANHATTAN,8 HENRY STREET,DOE Owned,505,525,ADAPTIVE PHYSICAL EDUCATION,FALSE,Inside,FALSE,"8 HENRY STREET, Manhattan, New York, NY, USA",40.712556,-73.997478,Checked,1003375,1002790040
Manhattan,2,2,02M002,P.S. 002 Meyer London,Elementary,M002,P.S. 2 - MANHATTAN,122 HENRY STREET,DOE Owned,GYM.,3819,GYMNASIUM,FALSE,Inside,FALSE,"122 HENRY STREET, Manhattan, New York, NY, USA",40.712938,-73.991958,Checked,1003248,1002730001
Manhattan,2,2,02M003,P.S. 003 Charrette School,Elementary,M003,P.S. 3 - MANHATTAN,490 HUDSON STREET,DOE Owned,402,945,DANCE ROOM,FALSE,Inside,FALSE,"490 HUDSON STREET, Manhattan, New York, NY, USA",40.732632,-74.005975,Unchecked,1009872,1005850041
Manhattan,2,2,02M006,P.S. 006 Lillie D. Blake,Elementary,M006,P.S. 6 - MANHATTAN,45 EAST 81 STREET,DOE Owned,GYM,3710,GYMNASIUM,FALSE,Inside,FALSE,"45 EAST 81 STREET, Manhattan, New York, NY, USA",40.777702,-73.960731,Checked,1046668,1014930021
Manhattan,2,2,02M011,P.S. 011 William T. Harris,Elementary,M011,P.S. 11 - MANHATTAN,320 WEST 21 STREET,DOE Owned,520,1232,GYMNASIUM,FALSE,Inside,FALSE,"320 WEST 21 STREET, Manhattan, New York, NY, USA",40.744053,-74.000741,Unchecked,1013260,1007440024
Manhattan,2,2,02M033,P.S. 033 Chelsea Prep,Elementary,M033,P.S. 33 - MANHATTAN,281 9 AVENUE,DOE Owned,108,3504,GYMNASIUM,TRUE,Inside,FALSE,"281 9 AVENUE, Manhattan, New York, NY, USA",40.748943,-74.00037,Unchecked,1012829,1007240023
Manhattan,2,2,02M040,P.S. 040 Augustus Saint-Gaudens,Elementary,M040,P.S. 40 - MANHATTAN,320 EAST 20TH STREET,DOE Owned,1ST FL,4503,GYMNASIUM,TRUE,Inside,FALSE,"320 EAST 20 STREET, Manhattan, New York, NY, USA",40.735509,-73.981548,Unchecked,1020513,1009250012
Manhattan,2,2,02M041,P.S. 041 Greenwich Village,Elementary,M041,P.S. 41 - MANHATTAN,116 WEST 11 STREET,DOE Owned,232,675,DANCE ROOM,FALSE,Inside,FALSE,"116 WEST 11 STREET, Manhattan, New York, NY, USA",40.735528,-73.999259,Checked,1010543,1006060049
Manhattan,2,2,02M042,P.S. 042 Benjamin Altman,Elementary,M042,P.S. 42 - MANHATTAN,71 HESTER STREET,DOE Owned,505,700,MULTI-PURPOSE ROOM,FALSE,Inside,TRUE,"71 HESTER STREET, Manhattan, New York, NY, USA",40.716133,-73.990985,Unchecked,1003998,1003090001
Manhattan,2,2,02M051,P.S. 051 Elias Howe,Elementary,M338,P.S. 51 ELIAS HOWE - MANHATTAN,525 WEST 44TH STREET,DOE Owned,320,4895,GYMNASIUM,FALSE,Inside,FALSE,"525 WEST 44 STREET, Manhattan, New York, NY, USA",40.761594,-73.995528,Checked,1089418,1010730014
Manhattan,2,2,02M059,P.S. 059 Beekman Hill International,Elementary,M488,MIDTOWN EAST CAMPUS - MANHATTAN,231-249 EAST 56 STREET,DOE Owned,108,720,MULTI-PURPOSE NON CLASSROOM,FALSE,Inside,TRUE,"231 EAST 56 STREET, Manhattan, New York, NY, USA",40.75927,-73.966328,Checked,1088892,1013300013
Manhattan,2,2,02M077,P.S. 77 Lower Lab School,Elementary,M198,P.S. 198 - MANHATTAN,1700 3 AVENUE,DOE Owned,GYM,3630,GYMNASIUM,TRUE,Inside,FALSE,"1700 3 AVENUE, Manhattan, New York, NY, USA",40.785012,-73.950031,Unchecked,1048492,1015240023
Manhattan,2,2,02M077,P.S. 77 Lower Lab School,Elementary,M198,P.S. 198 - MANHATTAN,1700 3 AVENUE,DOE Owned,OUTDOOR YARD 1,2940,OUTDOOR YARD,TRUE,Outside,FALSE,"1700 3 AVENUE, Manhattan, New York, NY, USA",40.785012,-73.950031,Unchecked,1048492,1015240023
Manhattan,2,2,02M089,P.S. 89,Elementary,M089,P.S./I.S. 89 - MANHATTAN,201 WARREN STREET,DOE Owned,127,688,DANCE ROOM,FALSE,Inside,FALSE,"201 WARREN STREET, Manhattan, New York, NY, USA",40.716969,-74.013793,Checked,1085568,1000160220
Manhattan,2,2,02M111,P.S. 111 Adolph S. Ochs,Elementary,M111,P.S. 111 - MANHATTAN,440 WEST 53 STREET,DOE Owned,GYM,3816,GYMNASIUM,TRUE,Inside,FALSE,"440 WEST 53 STREET, Manhattan, New York, NY, USA",40.76578,-73.9896,Unchecked,1026740,1010620003
Manhattan,2,2,02M116,P.S. 116 Mary Lindley Murray,Elementary,M116,P.S. 116 - MANHATTAN,210 EAST 33 STREET,DOE Owned,208,550,MULTI-PURPOSE CLASSROOM,FALSE,Inside,TRUE,"210 EAST 33 STREET, Manhattan, New York, NY, USA",40.744489,-73.977705,Unchecked,1020080,1009130007
Manhattan,2,2,02M124,P.S. 124 Yung Wing,Elementary,M124,P.S. 124 (ECF) - MANHATTAN,40 DIVISION STREET,DOE Owned,104,594,MULTI-PURPOSE ROOM,FALSE,Inside,TRUE,"40 DIVISION STREET, Manhattan, New York, NY, USA",40.714935,-73.995705,Unchecked,1075787,1002890001
Manhattan,2,2,02M130,P.S. 130 Hernando De Soto,Elementary,M130,P.S. 130 - MANHATTAN,143 BAXTER STREET,DOE Owned,308,560,MULTI-PURPOSE CLASSROOM,FALSE,Inside,TRUE,"143 BAXTER STREET, Manhattan, New York, NY, USA",40.718764,-73.998318,Unchecked,1003086,1002360038
Manhattan,2,2,02M150,P.S. 150,Elementary,M840,P.S. 150 - MANHATTAN,334 GREENWICH STREET,TAX LEVY LEASE,MULTI,884,MULTI-PURPOSE ROOM,FALSE,Inside,TRUE,"334 GREENWICH STREET, Manhattan, New York, NY, USA",40.718289,-74.01095,Unchecked,1083240,1001420025
Manhattan,2,2,02M151,Yorkville Community School,Elementary,M066,RICHARD R GREEN HS OF TEACHING - M,421 EAST 88 STREET,DOE Owned,301/302,1218,GYMNASIUM,FALSE,Inside,FALSE,"421 EAST 88 STREET, Manhattan, New York, NY, USA",40.777918,-73.94736,Unchecked,1050618,1015680008
Manhattan,2,2,02M158,P.S. 158 Bayard Taylor,Elementary,M158,P.S. 158 - MANHATTAN,1458 YORK AVENUE,DOE Owned,302,528,MULTI-PURPOSE CLASSROOM,FALSE,Inside,TRUE,"1458 YORK AVENUE, Manhattan, New York, NY, USA",40.770257,-73.95092,Checked,1046411,1014890001
Manhattan,2,2,02M183,P.S. 183 Robert L. Stevenson,Elementary,M183,P.S. 183 - MANHATTAN,419 EAST 66 STREET,DOE Owned,404,3245,MULTI-PURPOSE NON CLASSROOM,FALSE,Inside,TRUE,"419 EAST 66 STREET, Manhattan, New York, NY, USA",40.76376,-73.957773,Unchecked,1045569,1014610007
Manhattan,2,2,02M198,P.S. 198 Isador E. Ida Straus,Elementary,M198,P.S. 198 - MANHATTAN,1700 3 AVENUE,DOE Owned,223,280,MULTI-PURPOSE CLASSROOM,FALSE,Inside,TRUE,"1700 3 AVENUE, Manhattan, New York, NY, USA",40.785012,-73.950031,Unchecked,1048492,1015240023
Manhattan,2,2,02M212,P.S. 212 Midtown West,Elementary,M017,I.S. 17 - MANHATTAN,328 WEST 48 STREET,DOE Owned,5B,2166,GYMNASIUM,TRUE,Inside,FALSE,"328 WEST 48 STREET, Manhattan, New York, NY, USA",40.761503,-73.988667,Unchecked,1025092,1010380014
Manhattan,2,2,02M234,P.S. 234 Independence School,Elementary,M234,P.S. 234 - MANHATTAN,292 GREENWICH STREET,DOE Owned,106,2494,GYMNASIUM,FALSE,Inside,FALSE,"292 GREENWICH STREET, Manhattan, New York, NY, USA",40.71623,-74.01164,Unchecked,1001533,1001420001
Manhattan,2,2,02M267,"East Side Elementary School, PS 267",Elementary,M267,P.S. 59 (MEETH) - MANHATTAN,213 EAST 63RD STREET,DOE Owned,602,3344,GYMNASIUM,FALSE,Inside,FALSE,"213 EAST 63 STREET, Manhattan, New York, NY, USA",40.763927,-73.963988,Unchecked,1087680,1014180007
Manhattan,2,2,02M281,The River School,Elementary,M281,P.S. 281 - MANHATTAN,425 EAST 35TH STREET,DOE Owned,201,2832,GYMNASIUM,TRUE,Inside,FALSE,"425 EAST 35 STREET, Manhattan, New York, NY, USA",40.744469,-73.972403,Checked,1089385,1009670002
Manhattan,2,2,02M290,P.S. 290 Manhattan New School,Elementary,M190,P.S. 290 - MANHATTAN,311 EAST 82 STREET,DOE Owned,404,550,MULTI-PURPOSE CLASSROOM,FALSE,Inside,TRUE,"311 EAST 82 STREET, Manhattan, New York, NY, USA",40.775138,-73.95281,Unchecked,1049876,1015450005
Manhattan,2,2,02M340,Sixth Avenue Elementary School,Elementary,M340,THE SIXTH AVENUE EDUCATIONAL CAMPUS - MANHATTAN,590 SIXTH AVENUE,DOE Owned,102,1344,DANCE ROOM,FALSE,Inside,FALSE,"590 SIXTH AVENUE, Manhattan, New York, NY, USA",40.738903,-73.995153,Checked,1068261,1008187501
Manhattan,2,2,02M343,The Peck Slip School,Elementary,M343,THE PECK SLIP SCHOOL - MANHATTAN,1 PECK SLIP,DOE Owned,126,1332,AUXILIARY EXERCISE ROOM,FALSE,Inside,FALSE,"1 PECK SLIP, Manhattan, New York, NY, USA",40.708645,-74.001911,Unchecked,1001363,1001060009
Manhattan,2,2,02M527,P.S. 527 - East Side School for Social Action,Elementary,M816,P.S. 527 - EAST SIDE SCHOOL FOR SOCIAL ACTION - MANHATTAN,323 EAST 91 STREET,TAX LEVY LEASE,501,688,MULTI-PURPOSE NON CLASSROOM,FALSE,Inside,TRUE,"323 EAST 91 STREET, Manhattan, New York, NY, USA",40.780656,-73.94786,Checked,1050217,1015540015
Manhattan,3,3,03M009,P.S. 009 Sarah Anderson,Elementary,M009,P.S. 9 - MANHATTAN,100 WEST 84 STREET,DOE Owned,GYM,3886,GYMNASIUM,TRUE,Inside,FALSE,"100 WEST 84 STREET, Manhattan, New York, NY, USA",40.785102,-73.973863,Unchecked,1032119,1012140029
Manhattan,3,3,03M075,P.S. 075 Emily Dickinson,Elementary,M075,P.S. 75 - MANHATTAN,735 WEST END AVENUE,DOE Owned,G1A,735,MULTI-PURPOSE NON CLASSROOM,FALSE,Inside,TRUE,"735 WEST END AVENUE, Manhattan, New York, NY, USA",40.795257,-73.973981,Unchecked,1034190,1012530065
Manhattan,3,3,03M075,P.S. 075 Emily Dickinson,Elementary,M075,P.S. 75 - MANHATTAN,735 WEST END AVENUE,DOE Owned,OUTDOOR YARD 3,8500,OUTDOOR YARD,TRUE,Outside,FALSE,"735 WEST END AVENUE, Manhattan, New York, NY, USA",40.795257,-73.973981,Unchecked,1034190,1012530065
Manhattan,3,3,03M084,P.S. 084 Lillian Weber,Elementary,M084,P.S. 84 - MANHATTAN,32 WEST 92 STREET,DOE Owned,GYM,3886,GYMNASIUM,FALSE,Inside,FALSE,"32 WEST 92 STREET, Manhattan, New York, NY, USA",40.78938,-73.968099,Checked,1081042,1012050006
Manhattan,3,3,03M087,P.S. 087 William Sherman,Elementary,M087,P.S. 87 - MANHATTAN,160 WEST 78 STREET,DOE Owned,216,3808,GYMNASIUM,FALSE,Inside,FALSE,"160 WEST 78 STREET, Manhattan, New York, NY, USA",40.781784,-73.977734,Unchecked,1030196,1011490007
Manhattan,3,3,03M145,"P.S. 145, The Bloomingdale School",Elementary,M145,P.S. 145 - MANHATTAN,150 WEST 105 STREET,DOE Owned,105,578,MULTI-PURPOSE NON CLASSROOM,FALSE,Inside,TRUE,"150 WEST 105 STREET, Manhattan, New York, NY, USA",40.79911,-73.965221,Unchecked,1083561,1018590001
Manhattan,3,3,03M163,P.S. 163 Alfred E. Smith,Elementary,M163,P.S. 163 - MANHATTAN,163 WEST 97 STREET,DOE Owned,GYM,3752,GYMNASIUM,FALSE,Inside,FALSE,"163 WEST 97 STREET, Manhattan, New York, NY, USA",40.794703,-73.968537,Checked,1055908,1018520099
Manhattan,3,3,03M166,P.S. 166 The Richard Rodgers School of The Arts and Technology,Elementary,M166,P.S. 166 - MANHATTAN,132 WEST 89 STREET,DOE Owned,504,552,DANCE ROOM,FALSE,Inside,FALSE,"132 WEST 89 STREET, Manhattan, New York, NY, USA",40.78895,-73.972515,Unchecked,1032308,1012190047
Manhattan,3,3,03M199,P.S. 199 Jessie Isador Straus,Elementary,M199,P.S. 199 - MANHATTAN,270 WEST 70 STREET,DOE Owned,GYM,4200,GYMNASIUM,FALSE,Inside,FALSE,"270 WEST 70 STREET, Manhattan, New York, NY, USA",40.777764,-73.984735,Unchecked,1030351,1011580040
Manhattan,3,3,03M241,STEM Institute of Manhattan,Elementary,M113,P.S. 241 - MANHATTAN,240 WEST 113 STREET,DOE Owned,124,3135,GYMNASIUM,TRUE,Inside,FALSE,"240 WEST 113 STREET, Manhattan, New York, NY, USA",40.801585,-73.955212,Unchecked,1055111,1018280015
Manhattan,3,3,03M242,P.S. 242 - The Young Diplomats Magnet Academy,Elementary,M144,P.S. 242 (OLD P144) - MANHATTAN,134 WEST 122 STREET,DOE Owned,GYM,4032,GYMNASIUM,TRUE,Inside,FALSE,"134 WEST 122 STREET, Manhattan, New York, NY, USA",40.806172,-73.948453,Checked,1057683,1019060011
Manhattan,3,3,03M452,P.S. 452,Elementary,M191,P.S. 191 - MANHATTAN,210 WEST 61 STREET,DOE Owned,225,3944,GYMNASIUM,FALSE,Inside,FALSE,"210 WEST 61 STREET, Manhattan, New York, NY, USA",40.771708,-73.987295,Unchecked,1030320,1011520029
Manhattan,4,4,04M037,River East Elementary,Elementary,M045,I.S. 45 - MANHATTAN,2351 FIRST AVENUE,DOE Owned,250,6500,GYMNASIUM,TRUE,Inside,FALSE,"2351 FIRST AVENUE, Manhattan, New York, NY, USA",40.799166,-73.933708,Unchecked,1054786,1017970100
Manhattan,4,4,04M038,P.S. 38 Roberto Clemente,Elementary,M121,P.S. 38 (OLD M121) - MANHATTAN,232 EAST 103 STREET,DOE Owned,133,3700,GYMNASIUM,TRUE,Inside,FALSE,"232 EAST 103 STREET, Manhattan, New York, NY, USA",40.788667,-73.944761,Unchecked,1052384,1016520016
Manhattan,4,4,04M083,P.S. 083 Luis Munoz Rivera,Elementary,M083,P.S. 83 - MANHATTAN,219 EAST 109 STREET,DOE Owned,GYM,4050,GYMNASIUM,TRUE,Inside,FALSE,"219 EAST 109 STREET, Manhattan, New York, NY, USA",40.793211,-73.942064,Unchecked,1052436,1016590012
Manhattan,4,4,04M102,P.S. 102 Jacques Cartier,Elementary,M102,P.S. 102 - MANHATTAN,315 EAST 113 STREET,DOE Owned,OUTDOOR YARD 1,2185,OUTDOOR YARD,FALSE,Outside,FALSE,"315 EAST 113 STREET, Manhattan, New York, NY, USA",40.794981,-73.938363,Unchecked,1081366,1016840101
Manhattan,4,4,04M146,P.S. 146 Ann M. Short,Elementary,M146,P.S. 146 - MANHATTAN,421 EAST 106 STREET,DOE Owned,116,624,MULTI-PURPOSE CLASSROOM,FALSE,Inside,TRUE,"421 EAST 106 STREET, Manhattan, New York, NY, USA",40.789696,-73.939076,Unchecked,1052999,1017000001
Manhattan,4,4,04M155,P.S. 155 William Paca,Elementary,M155,P.S. 155 - MANHATTAN,319 EAST 117 STREET,DOE Owned,121,625,MULTI-PURPOSE NON CLASSROOM,FALSE,Inside,TRUE,"319 EAST 117 STREET, Manhattan, New York, NY, USA",40.797494,-73.936171,Unchecked,1052986,1016890005
Manhattan,4,4,04M182,The Bilingual Bicultural School,Elementary,M083,P.S. 83 - MANHATTAN,219 EAST 109 STREET,DOE Owned,GYM,4050,GYMNASIUM,TRUE,Inside,FALSE,"219 EAST 109 STREET, Manhattan, New York, NY, USA",40.793211,-73.942064,Unchecked,1052436,1016590012
Manhattan,5,5,05M133,P.S. 133 Fred R Moore,Elementary,M133,P.S. 133 - MANHATTAN,2121 5 AVENUE,DOE Owned,GYM,3600,GYMNASIUM,FALSE,Inside,FALSE,"2121 5 AVENUE, Manhattan, New York, NY, USA",40.809655,-73.938961,Unchecked,1054276,1017550001
Manhattan,4,4,04M375,Mosaic Preparatory Academy,Elementary,M101,P.S. 101 - MANHATTAN,141 EAST 111 STREET,DOE Owned,426,2860,GYMNASIUM,TRUE,Inside,FALSE,"141 EAST 111 STREET, Manhattan, New York, NY, USA",40.796318,-73.944551,Unchecked,1081346,1016390003
Manhattan,4,4,04M497,Central Park East I,Elementary,M013,I.S. 13 - MANHATTAN,1573 MADISON AVENUE,DOE Owned,GYM,6500,GYMNASIUM,TRUE,Inside,FALSE,"1573 MADISON AVENUE, Manhattan, New York, NY, USA",40.793747,-73.948448,Unchecked,1051515,1016120050
Manhattan,5,5,05M133,P.S. 133 Fred R Moore,Elementary,M133,P.S. 133 - MANHATTAN,2121 5 AVENUE,DOE Owned,OUTDOOR YARD 1,8578,OUTDOOR YARD,FALSE,Outside,FALSE,"2121 5 AVENUE, Manhattan, New York, NY, USA",40.809655,-73.938961,Unchecked,1054276,1017550001
Manhattan,5,5,05M030,P.S. 030 Hernandez/Hughes,Elementary,M030,P.S. 30 - MANHATTAN,144-176 EAST 128 STREET,DOE Owned,311,960,AUXILIARY EXERCISE ROOM,FALSE,Inside,FALSE,"144 EAST 128 STREET, Manhattan, New York, NY, USA",40.805699,-73.93508,Checked,1054502,1017760020
Manhattan,5,5,05M036,P.S. 036 Margaret Douglas,Elementary,M036,P.S. 36 - MANHATTAN,123 MORNINGSIDE DRIVE,DOE Owned,258,672,DANCE ROOM,FALSE,Inside,FALSE,"123 MORNINGSIDE DRIVE, Manhattan, New York, NY, USA",40.810612,-73.957417,Unchecked,1055890,1018500002
Manhattan,5,5,05M092,P.S. 092 Mary McLeod Bethune,Elementary,M092,P.S. 92 - MANHATTAN,222 WEST 134 STREET,DOE Owned,GYM,4032,GYMNASIUM,TRUE,Inside,FALSE,"222 WEST 134 STREET, Manhattan, New York, NY, USA",40.814947,-73.945473,Unchecked,1058808,1019390011
Manhattan,5,5,05M125,P.S. 125 Ralph Bunche,Elementary,M125,P.S. 125 - MANHATTAN,425 WEST 123 STREET,DOE Owned,E.GYM,3825,GYMNASIUM,TRUE,Inside,FALSE,"425 WEST 123 STREET, Manhattan, New York, NY, USA",40.810803,-73.956092,Unchecked,1059526,1019640012
Manhattan,5,5,05M133,P.S. 133 Fred R Moore,Elementary,M133,P.S. 133 - MANHATTAN,2121 5 AVENUE,DOE Owned,241,693,DANCE ROOM,FALSE,Inside,FALSE,"2121 5 AVENUE, Manhattan, New York, NY, USA",40.809655,-73.938961,Unchecked,1054276,1017550001
Manhattan,5,5,05M154,P.S. 154 Harriet Tubman,Elementary,M154,P.S. 154 - MANHATTAN,250 WEST 127 STREET,DOE Owned,223,378,AUXILIARY EXERCISE ROOM,FALSE,Inside,FALSE,"250 WEST 127 STREET, Manhattan, New York, NY, USA",40.810539,-73.948552,Unchecked,1058671,1019320010
Manhattan,5,5,05M175,P.S. 175 Henry H Garnet,Elementary,M175,P.S. 175 - MANHATTAN,175 WEST 134 STREET,DOE Owned,GYM.,3740,GYMNASIUM,TRUE,Inside,FALSE,"175 WEST 134 STREET, Manhattan, New York, NY, USA",40.814406,-73.942685,Unchecked,1058248,1019190006
Manhattan,5,5,05M194,P.S. 194 Countee Cullen,Elementary,M194,P.S. 194 - MANHATTAN,244 WEST 144 STREET,DOE Owned,221,572,MULTI-PURPOSE CLASSROOM,FALSE,Inside,TRUE,"244 WEST 144 STREET, Manhattan, New York, NY, USA",40.821228,-73.940693,Unchecked,1060432,1020290011
Manhattan,5,5,05M197,P.S. 197 John B. Russwurm,Elementary,M197,P.S. 197 - MANHATTAN,2230 5 AVENUE,DOE Owned,GYM,3942,GYMNASIUM,TRUE,Inside,FALSE,"2230 5 AVENUE, Manhattan, New York, NY, USA",40.813302,-73.93783,Unchecked,1076433,1017330017
Manhattan,5,5,05M200,P.S. 200- The James Mccune Smith School,Elementary,M200,P.S. 200 (TANDEM M010) - MANHATTAN,2589 7 AVENUE,DOE Owned,330/332,1344,DANCE ROOM,FALSE,Inside,FALSE,"2589 7 AVENUE, Manhattan, New York, NY, USA",40.823895,-73.935702,Unchecked,1060198,1020160100
Manhattan,5,5,05M318,Thurgood Marshall Academy Lower School,Elementary,M371,P.S. 318 - MANHATTAN,276 WEST 151ST STREET,TAX LEVY LEASE,OUTDOOR YARD 1,5000,OUTDOOR YARD,FALSE,Outside,FALSE,"276 WEST 151 STREET, Manhattan, New York, NY, USA",40.825859,-73.937799,Unchecked,1060596,1020360047
Manhattan,6,6,06M004,P.S. 004 Duke Ellington,Elementary,M004,P.S. 4 - MANHATTAN,500 WEST 160 STREET,DOE Owned,122,2668,GYMNASIUM,FALSE,Inside,FALSE,"500 WEST 160 STREET, Manhattan, New York, NY, USA",40.834871,-73.941639,Unchecked,1062792,1021180022
Manhattan,6,6,06M005,P.S. 005 Ellen Lurie,Elementary,M005,P.S. 5 - MANHATTAN,3703 TENTH AVENUE,DOE Owned,OUTDOOR YARD 2,1000,OUTDOOR YARD,FALSE,Outside,FALSE,"3703 TENTH AVENUE, Manhattan, New York, NY, USA",40.858086,-73.922198,Unchecked,1084201,1021500030
Manhattan,6,6,06M008,P.S. 008 Luis Belliard,Elementary,M008,P.S. 8 - MANHATTAN,465 WEST 167 STREET,DOE Owned,OUTDOOR YARD 2,118,OUTDOOR YARD,FALSE,Outside,FALSE,"465 WEST 167 STREET, Manhattan, New York, NY, USA",40.839155,-73.936597,Unchecked,1081842,1021120001
Manhattan,6,6,06M028,P.S. 028 Wright Brothers,Elementary,M028,P.S. 28 - MANHATTAN,475 WEST 155 STREET,DOE Owned,145,3990,GYMNASIUM,FALSE,Inside,FALSE,"475 WEST 155 STREET, Manhattan, New York, NY, USA",40.831639,-73.942402,Unchecked,1076739,1021070026
Manhattan,6,6,06M048,P.S. 048 P.O. Michael J. Buczek,Elementary,M048,P.S. 48 - MANHATTAN,4360-78 BROADWAY,DOE Owned,200,550,DANCE ROOM,FALSE,Inside,FALSE,"4360 BROADWAY, Manhattan, New York, NY, USA",40.853172,-73.933599,Checked,1076752,1021670029
Manhattan,6,6,06M098,P.S. 098 Shorac Kappock,Elementary,M098,P.S. 98 - MANHATTAN,512 WEST 212 STREET,DOE Owned,206,588,MULTI-PURPOSE CLASSROOM,FALSE,Inside,TRUE,"512 WEST 212 STREET, Manhattan, New York, NY, USA",40.867772,-73.917527,Unchecked,1064871,1022290012
Manhattan,6,6,06M103,Dos Puentes Elementary School,Elementary,M132,P.S. 132 - MANHATTAN,185 WADSWORTH AVENUE,DOE Owned,409,600,DANCE ROOM,FALSE,Inside,FALSE,"185 WADSWORTH AVENUE, Manhattan, New York, NY, USA",40.850523,-73.933968,Unchecked,1063947,1021650026
Manhattan,6,6,06M115,P.S. 115 Alexander Humboldt,Elementary,M115,P.S. 115 - MANHATTAN,586 WEST 177 STREET,DOE Owned,GYM-FR,1472,GYMNASIUM,TRUE,Inside,FALSE,"586 WEST 177 STREET, Manhattan, New York, NY, USA",40.84633,-73.935142,Unchecked,1063228,1021330040
Manhattan,6,6,06M128,P.S. 128 Audubon,Elementary,M128,P.S. 128 - MANHATTAN,560 WEST 169 STREET,DOE Owned,120,624,DANCE ROOM,FALSE,Inside,FALSE,"560 WEST 169 STREET, Manhattan, New York, NY, USA",40.840965,-73.938751,Unchecked,1062994,1021250001
Manhattan,6,6,06M132,P.S. 132 Juan Pablo Duarte,Elementary,M132,P.S. 132 - MANHATTAN,185 WADSWORTH AVENUE,DOE Owned,511,1155,GYMNASIUM,TRUE,Inside,FALSE,"185 WADSWORTH AVENUE, Manhattan, New York, NY, USA",40.850523,-73.933968,Unchecked,1063947,1021650026
Manhattan,6,6,06M152,P.S. 152 Dyckman Valley,Elementary,M152,P.S. 152 - MANHATTAN,93 NAGLE AVENUE,DOE Owned,107,5076,MULTI-PURPOSE NON CLASSROOM,FALSE,Inside,TRUE,"93 NAGLE AVENUE, Manhattan, New York, NY, USA",40.860153,-73.927604,Unchecked,1064149,1021730001
Manhattan,6,6,06M153,P.S. 153 Adam Clayton Powell,Elementary,M153,P.S. 153 - MANHATTAN,1750 AMSTERDAM AVENUE,DOE Owned,146,1232,DANCE ROOM,FALSE,Inside,FALSE,"1750 AMSTERDAM AVENUE, Manhattan, New York, NY, USA",40.826456,-73.947463,Unchecked,1081834,1020780019
Manhattan,6,6,06M173,P.S. 173,Elementary,M173,P.S. 173 - MANHATTAN,306 FORT WASHINGTON AVENUE,DOE Owned,1000,3900,MULTI-PURPOSE NON CLASSROOM,FALSE,Inside,TRUE,"306 FORT WASHINGTON AVENUE, Manhattan, New York, NY, USA",40.845685,-73.9399,Unchecked,1063503,1021420154
Manhattan,6,6,06M178,Professor Juan Bosch Public School,Elementary,M178,P.S. 178 - MANHATTAN,12-18 ELLWOOD STREET,DOE Owned,501,2550,GYMNASIUM,FALSE,Inside,FALSE,"12 ELLWOOD STREET, Manhattan, New York, NY, USA",40.859241,-73.928298,Checked,1064128,1021710036
Manhattan,6,6,06M189,P.S. 189,Elementary,M189,P.S. 189 - MANHATTAN,2580 AMSTERDAM AVENUE,DOE Owned,CAF/OLD,1798,GYMNASIUM,FALSE,Inside,FALSE,"2580 AMSTERDAM AVENUE, Manhattan, New York, NY, USA",40.852866,-73.927861,Unchecked,1076750,1021590051
Manhattan,6,6,06M192,P.S. 192 Jacob H. Schiff,Elementary,M192,P.S. 192 - MANHATTAN,500 WEST 138 STREET,DOE Owned,GYM,4810,GYMNASIUM,TRUE,Inside,FALSE,"500 WEST 138 STREET, Manhattan, New York, NY, USA",40.820959,-73.953271,Unchecked,1084132,1019880166
Manhattan,6,6,06M314,Muscota,Elementary,M176,P.S./I.S. 176 - MANHATTAN,4862 BROADWAY,DOE Owned,125,2596,GYMNASIUM,TRUE,Inside,FALSE,"4862 BROADWAY, Manhattan, New York, NY, USA",40.866364,-73.924041,Unchecked,1064900,1022340007
Manhattan,6,6,06M368,Hamilton Heights School,Elementary,M153,P.S. 153 - MANHATTAN,1750 AMSTERDAM AVENUE,DOE Owned,GYM.,2623,GYMNASIUM,TRUE,Inside,FALSE,"1750 AMSTERDAM AVENUE, Manhattan, New York, NY, USA",40.826456,-73.947463,Unchecked,1081834,1020780019
Manhattan,6,6,06M368,Hamilton Heights School,Elementary,M153,P.S. 153 - MANHATTAN,1750 AMSTERDAM AVENUE,DOE Owned,OUTDOOR YARD 1,3750,OUTDOOR YARD,TRUE,Outside,FALSE,"1750 AMSTERDAM AVENUE, Manhattan, New York, NY, USA",40.826456,-73.947463,Unchecked,1081834,1020780019
Manhattan,6,6,06M513,Castle Bridge School,Elementary,M128,P.S. 128 - MANHATTAN,560 WEST 169 STREET,DOE Owned,123,3850,GYMNASIUM,TRUE,Inside,FALSE,"560 WEST 169 STREET, Manhattan, New York, NY, USA",40.840965,-73.938751,Unchecked,1062994,1021250001
Manhattan,6,6,06M513,Castle Bridge School,Elementary,M128,P.S. 128 - MANHATTAN,560 WEST 169 STREET,DOE Owned,OUTDOOR YARD 1,1200,OUTDOOR YARD,TRUE,Outside,FALSE,"560 WEST 169 STREET, Manhattan, New York, NY, USA",40.840965,-73.938751,Unchecked,1062994,1021250001
