Borough,Geographical  District,Admin District,ats_code,LocationName,Grade Level,Bldg ID,Bldg Name,Address,Ownership,Room Number,sqft,Room Function,Shared with other schools?,Insidevoutside,Space used for any other purpose beside PE
Manhattan,1,1,01M015,P.S. 015 Roberto Clemente,Elementary,M015,P.S. 15 - MANHATTAN,333 EAST 4 STREET,DOE Owned,GYM.,3243,GYMNASIUM,TRUE,Inside,FALSE
Manhattan,1,1,01M015,P.S. 015 Roberto Clemente,Elementary,M015,P.S. 15 - MANHATTAN,333 EAST 4 STREET,DOE Owned,OUTDOOR YARD 1,11700,OUTDOOR YARD,FALSE,Outside,FALSE
Manhattan,1,1,01M019,P.S. 019 Asher Levy,Elementary,M019,P.S. 19 - MANHATTAN,185 1 AVENUE,DOE Owned,GYM,3942,GYMNASIUM,TRUE,Inside,FALSE
Manhattan,1,1,01M019,P.S. 019 Asher Levy,Elementary,M019,P.S. 19 - MANHATTAN,185 1 AVENUE,DOE Owned,OUTDOOR YARD 1,25000,OUTDOOR YARD,FALSE,Outside,FALSE
Manhattan,1,1,01M020,P.S. 020 Anna Silver,Elementary,M020,P.S. 20 - MANHATTAN,166 ESSEX STREET,DOE Owned,122/24S,1080,MULTI-PURPOSE CLASSROOM,FALSE,Inside,TRUE
Manhattan,1,1,01M020,P.S. 020 Anna Silver,Elementary,M020,P.S. 20 - MANHATTAN,166 ESSEX STREET,DOE Owned,346,625,MULTI-PURPOSE ROOM,FALSE,Inside,TRUE
Manhattan,1,1,01M020,P.S. 020 Anna Silver,Elementary,M020,P.S. 20 - MANHATTAN,166 ESSEX STREET,DOE Owned,GYM,4000,GYMNASIUM,FALSE,Inside,FALSE
Manhattan,1,1,01M020,P.S. 020 Anna Silver,Elementary,M020,P.S. 20 - MANHATTAN,166 ESSEX STREET,DOE Owned,OUTDOOR YARD 1,2000,OUTDOOR YARD,FALSE,Outside,FALSE
Manhattan,1,1,01M063,The STAR Academy - P.S.63,Elementary,M063,P.S. 63 - MANHATTAN,121 EAST 3 STREET,DOE Owned,114,728,DANCE ROOM,FALSE,Inside,FALSE
Manhattan,1,1,01M063,The STAR Academy - P.S.63,Elementary,M063,P.S. 63 - MANHATTAN,121 EAST 3 STREET,DOE Owned,417,1500,GYMNASIUM,TRUE,Inside,FALSE
Manhattan,1,1,01M063,The STAR Academy - P.S.63,Elementary,M063,P.S. 63 - MANHATTAN,121 EAST 3 STREET,DOE Owned,GYMB,1740,GYMNASIUM,TRUE,Inside,FALSE
Manhattan,1,1,01M063,The STAR Academy - P.S.63,Elementary,M063,P.S. 63 - MANHATTAN,121 EAST 3 STREET,DOE Owned,OUTDOOR YARD 1,6500,OUTDOOR YARD,TRUE,Outside,FALSE
Manhattan,1,1,01M063,The STAR Academy - P.S.63,Elementary,M063,P.S. 63 - MANHATTAN,121 EAST 3 STREET,DOE Owned,OUTDOOR YARD 2,4000,OUTDOOR YARD,TRUE,Outside,FALSE
Manhattan,1,1,01M064,P.S. 064 Robert Simon,Elementary,M064,P.S. 64 (OLD 71) - MANHATTAN,600 EAST 6 STREET,DOE Owned,224,1650,MULTI-PURPOSE CLASSROOM,FALSE,Inside,TRUE
Manhattan,1,1,01M064,P.S. 064 Robert Simon,Elementary,M064,P.S. 64 (OLD 71) - MANHATTAN,600 EAST 6 STREET,DOE Owned,B53,6336,GYMNASIUM,TRUE,Inside,FALSE
Manhattan,1,1,01M064,P.S. 064 Robert Simon,Elementary,M064,P.S. 64 (OLD 71) - MANHATTAN,600 EAST 6 STREET,DOE Owned,OUTDOOR YARD 1,17214,OUTDOOR YARD,TRUE,Outside,FALSE
Manhattan,1,1,01M064,P.S. 064 Robert Simon,Elementary,M064,P.S. 64 (OLD 71) - MANHATTAN,600 EAST 6 STREET,DOE Owned,OUTDOOR YARD 2,16535,OUTDOOR YARD,TRUE,Outside,FALSE
Manhattan,1,1,01M110,P.S. 110 Florence Nightingale,Elementary,M110,P.S. 110 - MANHATTAN,285 DELANCY STREET,DOE Owned,GYM,3367,GYMNASIUM,FALSE,Inside,FALSE
Manhattan,1,1,01M110,P.S. 110 Florence Nightingale,Elementary,M110,P.S. 110 - MANHATTAN,285 DELANCY STREET,DOE Owned,OUTDOOR YARD 1,2000,OUTDOOR YARD,FALSE,Outside,FALSE
Manhattan,1,1,01M134,P.S. 134 Henrietta Szold,Elementary,M134,P.S. 134 - MANHATTAN,293 EAST BROADWAY,DOE Owned,140,920,DANCE ROOM,FALSE,Inside,FALSE
Manhattan,1,1,01M134,P.S. 134 Henrietta Szold,Elementary,M134,P.S. 134 - MANHATTAN,293 EAST BROADWAY,DOE Owned,140A,528,DANCE ROOM,FALSE,Inside,FALSE
Manhattan,1,1,01M134,P.S. 134 Henrietta Szold,Elementary,M134,P.S. 134 - MANHATTAN,293 EAST BROADWAY,DOE Owned,140A,528,DANCE ROOM,FALSE,Inside,FALSE
Manhattan,1,1,01M142,P.S. 142 Amalia Castro,Elementary,M142,P.S. 142 - MANHATTAN,100 ATTORNEY STREET,DOE Owned,140,3000,GYMNASIUM,TRUE,Inside,FALSE
Manhattan,1,1,01M142,P.S. 142 Amalia Castro,Elementary,M142,P.S. 142 - MANHATTAN,100 ATTORNEY STREET,DOE Owned,219,880,MULTI-PURPOSE CLASSROOM,FALSE,Inside,TRUE
Manhattan,1,1,01M142,P.S. 142 Amalia Castro,Elementary,M142,P.S. 142 - MANHATTAN,100 ATTORNEY STREET,DOE Owned,OUTDOOR YARD 1,27400,OUTDOOR YARD,TRUE,Outside,FALSE
Manhattan,1,1,01M142,P.S. 142 Amalia Castro,Elementary,M142,P.S. 142 - MANHATTAN,100 ATTORNEY STREET,DOE Owned,OUTDOOR YARD 2,7800,OUTDOOR YARD,TRUE,Outside,FALSE
Manhattan,1,1,01M315,The East Village Community School,Elementary,M061,P.S. 61 - MANHATTAN,610 EAST 12 STREET,DOE Owned,412,728,AUXILIARY EXERCISE ROOM,FALSE,Inside,FALSE
Manhattan,1,1,01M315,The East Village Community School,Elementary,M061,P.S. 61 - MANHATTAN,610 EAST 12 STREET,DOE Owned,OUTDOOR YARD 1,10375,OUTDOOR YARD,TRUE,Outside,FALSE
Manhattan,1,1,01M361,The Children's Workshop School,Elementary,M061,P.S. 61 - MANHATTAN,610 EAST 12 STREET,DOE Owned,OUTDOOR YARD 1,10375,OUTDOOR YARD,TRUE,Outside,FALSE
Manhattan,1,1,01M363,Neighborhood School,Elementary,M063,P.S. 63 - MANHATTAN,121 EAST 3 STREET,DOE Owned,417,1500,GYMNASIUM,TRUE,Inside,FALSE
Manhattan,1,1,01M363,Neighborhood School,Elementary,M063,P.S. 63 - MANHATTAN,121 EAST 3 STREET,DOE Owned,GYMB,1740,GYMNASIUM,TRUE,Inside,FALSE
Manhattan,1,1,01M363,Neighborhood School,Elementary,M063,P.S. 63 - MANHATTAN,121 EAST 3 STREET,DOE Owned,OUTDOOR YARD 1,6500,OUTDOOR YARD,TRUE,Outside,FALSE
Manhattan,1,1,01M363,Neighborhood School,Elementary,M063,P.S. 63 - MANHATTAN,121 EAST 3 STREET,DOE Owned,OUTDOOR YARD 2,4000,OUTDOOR YARD,TRUE,Outside,FALSE
Manhattan,1,1,01M364,Earth School,Elementary,M064,P.S. 64 (OLD 71) - MANHATTAN,600 EAST 6 STREET,DOE Owned,B53,6336,GYMNASIUM,TRUE,Inside,FALSE
Manhattan,1,1,01M364,Earth School,Elementary,M064,P.S. 64 (OLD 71) - MANHATTAN,600 EAST 6 STREET,DOE Owned,OUTDOOR YARD 1,17214,OUTDOOR YARD,TRUE,Outside,FALSE
Manhattan,1,1,01M364,Earth School,Elementary,M064,P.S. 64 (OLD 71) - MANHATTAN,600 EAST 6 STREET,DOE Owned,OUTDOOR YARD 2,16535,OUTDOOR YARD,TRUE,Outside,FALSE
Manhattan,2,2,02M001,P.S. 001 Alfred E. Smith,Elementary,M001,P.S. 1 - MANHATTAN,8 HENRY STREET,DOE Owned,505,525,ADAPTIVE PHYSICAL EDUCATION,FALSE,Inside,FALSE
Manhattan,2,2,02M001,P.S. 001 Alfred E. Smith,Elementary,M001,P.S. 1 - MANHATTAN,8 HENRY STREET,DOE Owned,GR FL,5472,MULTI-PURPOSE NON CLASSROOM,FALSE,Inside,TRUE
Manhattan,2,2,02M001,P.S. 001 Alfred E. Smith,Elementary,M001,P.S. 1 - MANHATTAN,8 HENRY STREET,DOE Owned,GR FL,5472,MULTI-PURPOSE NON CLASSROOM,FALSE,Inside,TRUE
Manhattan,2,2,02M002,P.S. 002 Meyer London,Elementary,M002,P.S. 2 - MANHATTAN,122 HENRY STREET,DOE Owned,GYM.,3819,GYMNASIUM,FALSE,Inside,FALSE
Manhattan,2,2,02M002,P.S. 002 Meyer London,Elementary,M002,P.S. 2 - MANHATTAN,122 HENRY STREET,DOE Owned,OUTDOOR YARD 1,33842,OUTDOOR YARD,FALSE,Outside,FALSE
Manhattan,2,2,02M003,P.S. 003 Charrette School,Elementary,M003,P.S. 3 - MANHATTAN,490 HUDSON STREET,DOE Owned,402,945,DANCE ROOM,FALSE,Inside,FALSE
Manhattan,2,2,02M003,P.S. 003 Charrette School,Elementary,M003,P.S. 3 - MANHATTAN,490 HUDSON STREET,DOE Owned,402,945,DANCE ROOM,FALSE,Inside,FALSE
Manhattan,2,2,02M003,P.S. 003 Charrette School,Elementary,M003,P.S. 3 - MANHATTAN,490 HUDSON STREET,DOE Owned,506A,276,MULTI-PURPOSE CLASSROOM,FALSE,Inside,TRUE
Manhattan,2,2,02M003,P.S. 003 Charrette School,Elementary,M003,P.S. 3 - MANHATTAN,490 HUDSON STREET,DOE Owned,506A,276,MULTI-PURPOSE CLASSROOM,FALSE,Inside,TRUE
Manhattan,2,2,02M003,P.S. 003 Charrette School,Elementary,M003,P.S. 3 - MANHATTAN,490 HUDSON STREET,DOE Owned,OUTDOOR YARD 1,8000,OUTDOOR YARD,FALSE,Outside,FALSE
Manhattan,2,2,02M006,P.S. 006 Lillie D. Blake,Elementary,M006,P.S. 6 - MANHATTAN,45 EAST 81 STREET,DOE Owned,GYM,3710,GYMNASIUM,FALSE,Inside,FALSE
Manhattan,2,2,02M006,P.S. 006 Lillie D. Blake,Elementary,M006,P.S. 6 - MANHATTAN,45 EAST 81 STREET,DOE Owned,OUTDOOR YARD 1,16000,OUTDOOR YARD,FALSE,Outside,FALSE
Manhattan,2,2,02M006,P.S. 006 Lillie D. Blake,Elementary,M006,P.S. 6 - MANHATTAN,45 EAST 81 STREET,DOE Owned,OUTDOOR YARD 2,3800,OUTDOOR YARD,FALSE,Outside,FALSE
Manhattan,2,2,02M011,P.S. 011 William T. Harris,Elementary,M011,P.S. 11 - MANHATTAN,320 WEST 21 STREET,DOE Owned,520,1232,GYMNASIUM,FALSE,Inside,FALSE
Manhattan,2,2,02M011,P.S. 011 William T. Harris,Elementary,M011,P.S. 11 - MANHATTAN,320 WEST 21 STREET,DOE Owned,OUTDOOR YARD 1,18000,OUTDOOR YARD,FALSE,Outside,FALSE
Manhattan,2,2,02M011,P.S. 011 William T. Harris,Elementary,M011,P.S. 11 - MANHATTAN,320 WEST 21 STREET,DOE Owned,OUTDOOR YARD 2,10500,OUTDOOR YARD,FALSE,Outside,FALSE
Manhattan,2,2,02M011,P.S. 011 William T. Harris,Elementary,M011,P.S. 11 - MANHATTAN,320 WEST 21 STREET,DOE Owned,POOL,4674,SWIMMING POOL,FALSE,Inside,FALSE
Manhattan,2,2,02M011,P.S. 011 William T. Harris,Elementary,M011,P.S. 11 - MANHATTAN,320 WEST 21 STREET,DOE Owned,POOL,4674,SWIMMING POOL,FALSE,Inside,FALSE
Manhattan,2,2,02M033,P.S. 033 Chelsea Prep,Elementary,M033,P.S. 33 - MANHATTAN,281 9 AVENUE,DOE Owned,108,3504,GYMNASIUM,TRUE,Inside,FALSE
Manhattan,2,2,02M033,P.S. 033 Chelsea Prep,Elementary,M033,P.S. 33 - MANHATTAN,281 9 AVENUE,DOE Owned,OUTDOOR YARD 1,8500,OUTDOOR YARD,FALSE,Outside,FALSE
Manhattan,2,2,02M033,P.S. 033 Chelsea Prep,Elementary,M033,P.S. 33 - MANHATTAN,281 9 AVENUE,DOE Owned,OUTDOOR YARD 2,3195,OUTDOOR YARD,FALSE,Outside,FALSE
Manhattan,2,2,02M040,P.S. 040 Augustus Saint-Gaudens,Elementary,M040,P.S. 40 - MANHATTAN,320 EAST 20TH STREET,DOE Owned,1ST FL,4503,GYMNASIUM,TRUE,Inside,FALSE
Manhattan,2,2,02M040,P.S. 040 Augustus Saint-Gaudens,Elementary,M040,P.S. 40 - MANHATTAN,320 EAST 20TH STREET,DOE Owned,202A,175,MULTI-PURPOSE NON CLASSROOM,FALSE,Inside,TRUE
Manhattan,2,2,02M040,P.S. 040 Augustus Saint-Gaudens,Elementary,M040,P.S. 40 - MANHATTAN,320 EAST 20TH STREET,DOE Owned,202A,175,MULTI-PURPOSE NON CLASSROOM,FALSE,Inside,TRUE
Manhattan,2,2,02M040,P.S. 040 Augustus Saint-Gaudens,Elementary,M040,P.S. 40 - MANHATTAN,320 EAST 20TH STREET,DOE Owned,3 FL,2652,GYMNASIUM,TRUE,Inside,FALSE
Manhattan,2,2,02M040,P.S. 040 Augustus Saint-Gaudens,Elementary,M040,P.S. 40 - MANHATTAN,320 EAST 20TH STREET,DOE Owned,OUTDOOR YARD 1,7424,OUTDOOR YARD,TRUE,Outside,FALSE
Manhattan,2,2,02M040,P.S. 040 Augustus Saint-Gaudens,Elementary,M040,P.S. 40 - MANHATTAN,320 EAST 20TH STREET,DOE Owned,OUTDOOR YARD 2,4816,OUTDOOR YARD,TRUE,Outside,FALSE
Manhattan,2,2,02M041,P.S. 041 Greenwich Village,Elementary,M041,P.S. 41 - MANHATTAN,116 WEST 11 STREET,DOE Owned,232,675,DANCE ROOM,FALSE,Inside,FALSE
Manhattan,2,2,02M041,P.S. 041 Greenwich Village,Elementary,M041,P.S. 41 - MANHATTAN,116 WEST 11 STREET,DOE Owned,234,675,MULTI-PURPOSE CLASSROOM,FALSE,Inside,TRUE
Manhattan,2,2,02M041,P.S. 041 Greenwich Village,Elementary,M041,P.S. 41 - MANHATTAN,116 WEST 11 STREET,DOE Owned,GYM,3850,GYMNASIUM,FALSE,Inside,FALSE
Manhattan,2,2,02M041,P.S. 041 Greenwich Village,Elementary,M041,P.S. 41 - MANHATTAN,116 WEST 11 STREET,DOE Owned,OUTDOOR YARD 1,18560,OUTDOOR YARD,FALSE,Outside,FALSE
Manhattan,2,2,02M041,P.S. 041 Greenwich Village,Elementary,M041,P.S. 41 - MANHATTAN,116 WEST 11 STREET,DOE Owned,OUTDOOR YARD 2,2700,OUTDOOR YARD,FALSE,Outside,FALSE
Manhattan,2,2,02M042,P.S. 042 Benjamin Altman,Elementary,M042,P.S. 42 - MANHATTAN,71 HESTER STREET,DOE Owned,505,700,MULTI-PURPOSE ROOM,FALSE,Inside,TRUE
Manhattan,2,2,02M042,P.S. 042 Benjamin Altman,Elementary,M042,P.S. 42 - MANHATTAN,71 HESTER STREET,DOE Owned,510,1742,MULTI-PURPOSE ROOM,FALSE,Inside,TRUE
Manhattan,2,2,02M042,P.S. 042 Benjamin Altman,Elementary,M042,P.S. 42 - MANHATTAN,71 HESTER STREET,DOE Owned,511,2496,GYMNASIUM,FALSE,Inside,FALSE
Manhattan,2,2,02M042,P.S. 042 Benjamin Altman,Elementary,M042,P.S. 42 - MANHATTAN,71 HESTER STREET,DOE Owned,511,2496,GYMNASIUM,FALSE,Inside,FALSE
Manhattan,2,2,02M042,P.S. 042 Benjamin Altman,Elementary,M042,P.S. 42 - MANHATTAN,71 HESTER STREET,DOE Owned,OUTDOOR YARD 1,7800,OUTDOOR YARD,FALSE,Outside,FALSE
Manhattan,2,2,02M051,P.S. 051 Elias Howe,Elementary,M338,P.S. 51 ELIAS HOWE - MANHATTAN,525 WEST 44TH STREET,DOE Owned,320,4895,GYMNASIUM,FALSE,Inside,FALSE
Manhattan,2,2,02M051,P.S. 051 Elias Howe,Elementary,M338,P.S. 51 ELIAS HOWE - MANHATTAN,525 WEST 44TH STREET,DOE Owned,320,4895,GYMNASIUM,FALSE,Inside,FALSE
Manhattan,2,2,02M051,P.S. 051 Elias Howe,Elementary,M338,P.S. 51 ELIAS HOWE - MANHATTAN,525 WEST 44TH STREET,DOE Owned,OUTDOOR YARD 1,5684,OUTDOOR YARD,FALSE,Outside,FALSE
Manhattan,2,2,02M051,P.S. 051 Elias Howe,Elementary,M338,P.S. 51 ELIAS HOWE - MANHATTAN,525 WEST 44TH STREET,DOE Owned,OUTDOOR YARD 2,2025,OUTDOOR YARD,FALSE,Outside,FALSE
Manhattan,2,2,02M051,P.S. 051 Elias Howe,Elementary,M338,P.S. 51 ELIAS HOWE - MANHATTAN,525 WEST 44TH STREET,DOE Owned,OUTDOOR YARD 3,2597,OUTDOOR YARD,FALSE,Outside,FALSE
Manhattan,2,2,02M059,P.S. 059 Beekman Hill International,Elementary,M488,MIDTOWN EAST CAMPUS - MANHATTAN,231-249 EAST 56 STREET,DOE Owned,108,720,MULTI-PURPOSE NON CLASSROOM,FALSE,Inside,TRUE
Manhattan,2,2,02M059,P.S. 059 Beekman Hill International,Elementary,M488,MIDTOWN EAST CAMPUS - MANHATTAN,231-249 EAST 56 STREET,DOE Owned,502,3280,GYMNASIUM,TRUE,Inside,FALSE
Manhattan,2,2,02M059,P.S. 059 Beekman Hill International,Elementary,M488,MIDTOWN EAST CAMPUS - MANHATTAN,231-249 EAST 56 STREET,DOE Owned,L223,2793,GYMNASIUM,TRUE,Inside,FALSE
Manhattan,2,2,02M059,P.S. 059 Beekman Hill International,Elementary,M488,MIDTOWN EAST CAMPUS - MANHATTAN,231-249 EAST 56 STREET,DOE Owned,OUTDOOR YARD 1,6675,OUTDOOR YARD,TRUE,Outside,FALSE
Manhattan,2,2,02M059,P.S. 059 Beekman Hill International,Elementary,M488,MIDTOWN EAST CAMPUS - MANHATTAN,231-249 EAST 56 STREET,DOE Owned,OUTDOOR YARD 2,4757,OUTDOOR YARD,TRUE,Outside,FALSE
Manhattan,2,2,02M077,P.S. 77 Lower Lab School,Elementary,M198,P.S. 198 - MANHATTAN,1700 3 AVENUE,DOE Owned,GYM,3630,GYMNASIUM,TRUE,Inside,FALSE
Manhattan,2,2,02M077,P.S. 77 Lower Lab School,Elementary,M198,P.S. 198 - MANHATTAN,1700 3 AVENUE,DOE Owned,OUTDOOR YARD 1,2940,OUTDOOR YARD,TRUE,Outside,FALSE
Manhattan,2,2,02M089,P.S. 89,Elementary,M089,P.S./I.S. 89 - MANHATTAN,201 WARREN STREET,DOE Owned,127,688,DANCE ROOM,FALSE,Inside,FALSE
Manhattan,2,2,02M089,P.S. 89,Elementary,M089,P.S./I.S. 89 - MANHATTAN,201 WARREN STREET,DOE Owned,315,4845,GYMNASIUM,TRUE,Inside,FALSE
Manhattan,2,2,02M089,P.S. 89,Elementary,M089,P.S./I.S. 89 - MANHATTAN,201 WARREN STREET,DOE Owned,OUTDOOR YARD 1,10000,OUTDOOR YARD,TRUE,Outside,FALSE
Manhattan,2,2,02M111,P.S. 111 Adolph S. Ochs,Elementary,M111,P.S. 111 - MANHATTAN,440 WEST 53 STREET,DOE Owned,GYM,3816,GYMNASIUM,TRUE,Inside,FALSE
Manhattan,2,2,02M111,P.S. 111 Adolph S. Ochs,Elementary,M111,P.S. 111 - MANHATTAN,440 WEST 53 STREET,DOE Owned,OUTDOOR YARD 1,32000,OUTDOOR YARD,TRUE,Outside,FALSE
Manhattan,2,2,02M111,P.S. 111 Adolph S. Ochs,Elementary,M111,P.S. 111 - MANHATTAN,440 WEST 53 STREET,DOE Owned,OUTDOOR YARD 2,7500,OUTDOOR YARD,TRUE,Outside,FALSE
Manhattan,2,2,02M116,P.S. 116 Mary Lindley Murray,Elementary,M116,P.S. 116 - MANHATTAN,210 EAST 33 STREET,DOE Owned,208,550,MULTI-PURPOSE CLASSROOM,FALSE,Inside,TRUE
Manhattan,2,2,02M116,P.S. 116 Mary Lindley Murray,Elementary,M116,P.S. 116 - MANHATTAN,210 EAST 33 STREET,DOE Owned,GYM,4293,GYMNASIUM,FALSE,Inside,FALSE
Manhattan,2,2,02M116,P.S. 116 Mary Lindley Murray,Elementary,M116,P.S. 116 - MANHATTAN,210 EAST 33 STREET,DOE Owned,GYM,4293,GYMNASIUM,FALSE,Inside,FALSE
Manhattan,2,2,02M116,P.S. 116 Mary Lindley Murray,Elementary,M116,P.S. 116 - MANHATTAN,210 EAST 33 STREET,DOE Owned,OUTDOOR YARD 1,1200,OUTDOOR YARD,FALSE,Outside,FALSE
Manhattan,2,2,02M116,P.S. 116 Mary Lindley Murray,Elementary,M116,P.S. 116 - MANHATTAN,210 EAST 33 STREET,DOE Owned,OUTDOOR YARD 2,7150,OUTDOOR YARD,FALSE,Outside,FALSE
Manhattan,2,2,02M124,P.S. 124 Yung Wing,Elementary,M124,P.S. 124 (ECF) - MANHATTAN,40 DIVISION STREET,DOE Owned,104,594,MULTI-PURPOSE ROOM,FALSE,Inside,TRUE
Manhattan,2,2,02M124,P.S. 124 Yung Wing,Elementary,M124,P.S. 124 (ECF) - MANHATTAN,40 DIVISION STREET,DOE Owned,207,2842,GYMNASIUM,FALSE,Inside,FALSE
Manhattan,2,2,02M124,P.S. 124 Yung Wing,Elementary,M124,P.S. 124 (ECF) - MANHATTAN,40 DIVISION STREET,DOE Owned,207,2842,GYMNASIUM,FALSE,Inside,FALSE
Manhattan,2,2,02M124,P.S. 124 Yung Wing,Elementary,M124,P.S. 124 (ECF) - MANHATTAN,40 DIVISION STREET,DOE Owned,212,630,MULTI-PURPOSE CLASSROOM,FALSE,Inside,TRUE
Manhattan,2,2,02M124,P.S. 124 Yung Wing,Elementary,M124,P.S. 124 (ECF) - MANHATTAN,40 DIVISION STREET,DOE Owned,OUTDOOR YARD 1,11800,OUTDOOR YARD,FALSE,Outside,FALSE
Manhattan,2,2,02M124,P.S. 124 Yung Wing,Elementary,M124,P.S. 124 (ECF) - MANHATTAN,40 DIVISION STREET,DOE Owned,OUTDOOR YARD 2,7500,OUTDOOR YARD,FALSE,Outside,FALSE
Manhattan,2,2,02M130,P.S. 130 Hernando De Soto,Elementary,M130,P.S. 130 - MANHATTAN,143 BAXTER STREET,DOE Owned,308,560,MULTI-PURPOSE CLASSROOM,FALSE,Inside,TRUE
Manhattan,2,2,02M130,P.S. 130 Hernando De Soto,Elementary,M130,P.S. 130 - MANHATTAN,143 BAXTER STREET,DOE Owned,308,560,MULTI-PURPOSE CLASSROOM,FALSE,Inside,TRUE
Manhattan,2,2,02M130,P.S. 130 Hernando De Soto,Elementary,M130,P.S. 130 - MANHATTAN,143 BAXTER STREET,DOE Owned,GYM,2950,GYMNASIUM,FALSE,Inside,FALSE
Manhattan,2,2,02M130,P.S. 130 Hernando De Soto,Elementary,M130,P.S. 130 - MANHATTAN,143 BAXTER STREET,DOE Owned,GYM,2950,GYMNASIUM,FALSE,Inside,FALSE
Manhattan,2,2,02M130,P.S. 130 Hernando De Soto,Elementary,M130,P.S. 130 - MANHATTAN,143 BAXTER STREET,DOE Owned,OUTDOOR YARD 1,10000,OUTDOOR YARD,FALSE,Outside,FALSE
Manhattan,2,2,02M130,P.S. 130 Hernando De Soto,Elementary,M130,P.S. 130 - MANHATTAN,143 BAXTER STREET,DOE Owned,OUTDOOR YARD 2,3650,OUTDOOR YARD,FALSE,Outside,FALSE
Manhattan,2,2,02M130,P.S. 130 Hernando De Soto,Elementary,M130,P.S. 130 - MANHATTAN,143 BAXTER STREET,DOE Owned,OUTDOOR YARD 3,2620,OUTDOOR YARD,FALSE,Outside,FALSE
Manhattan,2,2,02M150,P.S. 150,Elementary,M840,P.S. 150 - MANHATTAN,334 GREENWICH STREET,TAX LEVY LEASE,MULTI,884,MULTI-PURPOSE ROOM,FALSE,Inside,TRUE
Manhattan,2,2,02M151,Yorkville Community School,Elementary,M066,RICHARD R GREEN HS OF TEACHING - M,421 EAST 88 STREET,DOE Owned,301/302,1218,GYMNASIUM,FALSE,Inside,FALSE
Manhattan,2,2,02M151,Yorkville Community School,Elementary,M066,RICHARD R GREEN HS OF TEACHING - M,421 EAST 88 STREET,DOE Owned,306,567,DANCE ROOM,FALSE,Inside,FALSE
Manhattan,2,2,02M151,Yorkville Community School,Elementary,M066,RICHARD R GREEN HS OF TEACHING - M,421 EAST 88 STREET,DOE Owned,OUTDOOR YARD 1,2800,OUTDOOR YARD,FALSE,Outside,FALSE
Manhattan,2,2,02M151,Yorkville Community School,Elementary,M066,RICHARD R GREEN HS OF TEACHING - M,421 EAST 88 STREET,DOE Owned,OUTDOOR YARD 2,3050,OUTDOOR YARD,FALSE,Outside,FALSE
Manhattan,2,2,02M158,P.S. 158 Bayard Taylor,Elementary,M158,P.S. 158 - MANHATTAN,1458 YORK AVENUE,DOE Owned,302,528,MULTI-PURPOSE CLASSROOM,FALSE,Inside,TRUE
Manhattan,2,2,02M158,P.S. 158 Bayard Taylor,Elementary,M158,P.S. 158 - MANHATTAN,1458 YORK AVENUE,DOE Owned,302,528,MULTI-PURPOSE CLASSROOM,FALSE,Inside,TRUE
Manhattan,2,2,02M158,P.S. 158 Bayard Taylor,Elementary,M158,P.S. 158 - MANHATTAN,1458 YORK AVENUE,DOE Owned,GYM1,5734,GYMNASIUM,TRUE,Inside,FALSE
Manhattan,2,2,02M158,P.S. 158 Bayard Taylor,Elementary,M158,P.S. 158 - MANHATTAN,1458 YORK AVENUE,DOE Owned,GYM2,2968,GYMNASIUM,TRUE,Inside,FALSE
Manhattan,2,2,02M158,P.S. 158 Bayard Taylor,Elementary,M158,P.S. 158 - MANHATTAN,1458 YORK AVENUE,DOE Owned,OUTDOOR YARD 1,18500,OUTDOOR YARD,TRUE,Outside,FALSE
Manhattan,2,2,02M183,P.S. 183 Robert L. Stevenson,Elementary,M183,P.S. 183 - MANHATTAN,419 EAST 66 STREET,DOE Owned,404,3245,MULTI-PURPOSE NON CLASSROOM,FALSE,Inside,TRUE
Manhattan,2,2,02M183,P.S. 183 Robert L. Stevenson,Elementary,M183,P.S. 183 - MANHATTAN,419 EAST 66 STREET,DOE Owned,507,638,MULTI-PURPOSE CLASSROOM,FALSE,Inside,TRUE
Manhattan,2,2,02M183,P.S. 183 Robert L. Stevenson,Elementary,M183,P.S. 183 - MANHATTAN,419 EAST 66 STREET,DOE Owned,507,638,MULTI-PURPOSE CLASSROOM,FALSE,Inside,TRUE
Manhattan,2,2,02M183,P.S. 183 Robert L. Stevenson,Elementary,M183,P.S. 183 - MANHATTAN,419 EAST 66 STREET,DOE Owned,OUTDOOR YARD 1,18000,OUTDOOR YARD,FALSE,Outside,FALSE
Manhattan,2,2,02M198,P.S. 198 Isador E. Ida Straus,Elementary,M198,P.S. 198 - MANHATTAN,1700 3 AVENUE,DOE Owned,223,280,MULTI-PURPOSE CLASSROOM,FALSE,Inside,TRUE
Manhattan,2,2,02M198,P.S. 198 Isador E. Ida Straus,Elementary,M198,P.S. 198 - MANHATTAN,1700 3 AVENUE,DOE Owned,229,625,MULTI-PURPOSE CLASSROOM,FALSE,Inside,TRUE
Manhattan,2,2,02M198,P.S. 198 Isador E. Ida Straus,Elementary,M198,P.S. 198 - MANHATTAN,1700 3 AVENUE,DOE Owned,GYM,3630,GYMNASIUM,TRUE,Inside,FALSE
Manhattan,2,2,02M198,P.S. 198 Isador E. Ida Straus,Elementary,M198,P.S. 198 - MANHATTAN,1700 3 AVENUE,DOE Owned,M39,729,MULTI-PURPOSE ROOM,FALSE,Inside,TRUE
Manhattan,2,2,02M198,P.S. 198 Isador E. Ida Straus,Elementary,M198,P.S. 198 - MANHATTAN,1700 3 AVENUE,DOE Owned,M39,729,MULTI-PURPOSE ROOM,FALSE,Inside,TRUE
Manhattan,2,2,02M198,P.S. 198 Isador E. Ida Straus,Elementary,M198,P.S. 198 - MANHATTAN,1700 3 AVENUE,DOE Owned,OUTDOOR YARD 1,2940,OUTDOOR YARD,TRUE,Outside,FALSE
Manhattan,2,2,02M212,P.S. 212 Midtown West,Elementary,M017,I.S. 17 - MANHATTAN,328 WEST 48 STREET,DOE Owned,5B,2166,GYMNASIUM,TRUE,Inside,FALSE
Manhattan,2,2,02M212,P.S. 212 Midtown West,Elementary,M017,I.S. 17 - MANHATTAN,328 WEST 48 STREET,DOE Owned,OUTDOOR YARD 1,6400,OUTDOOR YARD,TRUE,Outside,FALSE
Manhattan,2,2,02M234,P.S. 234 Independence School,Elementary,M234,P.S. 234 - MANHATTAN,292 GREENWICH STREET,DOE Owned,106,2494,GYMNASIUM,FALSE,Inside,FALSE
Manhattan,2,2,02M234,P.S. 234 Independence School,Elementary,M234,P.S. 234 - MANHATTAN,292 GREENWICH STREET,DOE Owned,118,660,MULTI-PURPOSE CLASSROOM,FALSE,Inside,TRUE
Manhattan,2,2,02M234,P.S. 234 Independence School,Elementary,M234,P.S. 234 - MANHATTAN,292 GREENWICH STREET,DOE Owned,OUTDOOR YARD 1,14000,OUTDOOR YARD,FALSE,Outside,FALSE
Manhattan,2,2,02M267,"East Side Elementary School, PS 267",Elementary,M267,P.S. 59 (MEETH) - MANHATTAN,213 EAST 63RD STREET,DOE Owned,602,3344,GYMNASIUM,FALSE,Inside,FALSE
Manhattan,2,2,02M267,"East Side Elementary School, PS 267",Elementary,M267,P.S. 59 - (MEETH) -MANHATTAN,213 EAST 63RD STREET,DOE Owned,OUTDOOR YARD 1,1436,OUTDOOR YARD,FALSE,Outside,FALSE
Manhattan,2,2,02M267,"East Side Elementary School, PS 267",Elementary,M267,P.S. 59 - (MEETH) -MANHATTAN,213 EAST 63RD STREET,DOE Owned,OUTDOOR YARD 2,2084,OUTDOOR YARD,FALSE,Outside,FALSE
Manhattan,2,2,02M281,The River School,Elementary,M281,P.S. 281 - MANHATTAN,425 EAST 35TH STREET,DOE Owned,201,2832,GYMNASIUM,TRUE,Inside,FALSE
Manhattan,2,2,02M281,The River School,Elementary,M281,P.S. 281 - MANHATTAN,425 EAST 35TH STREET,DOE Owned,403,5192,GYMNASIUM,TRUE,Inside,FALSE
Manhattan,2,2,02M281,The River School,Elementary,M281,P.S. 281 - MANHATTAN,425 EAST 35TH STREET,DOE Owned,OUTDOOR YARD 1,3560,OUTDOOR YARD,FALSE,Outside,FALSE
Manhattan,2,2,02M281,The River School,Elementary,M281,P.S. 281 - MANHATTAN,425 EAST 35TH STREET,DOE Owned,OUTDOOR YARD 2,3802,OUTDOOR YARD,FALSE,Outside,FALSE
Manhattan,2,2,02M290,P.S. 290 Manhattan New School,Elementary,M190,P.S. 290 - MANHATTAN,311 EAST 82 STREET,DOE Owned,404,550,MULTI-PURPOSE CLASSROOM,FALSE,Inside,TRUE
Manhattan,2,2,02M290,P.S. 290 Manhattan New School,Elementary,M190,P.S. 290 - MANHATTAN,311 EAST 82 STREET,DOE Owned,404,550,MULTI-PURPOSE CLASSROOM,FALSE,Inside,TRUE
Manhattan,2,2,02M290,P.S. 290 Manhattan New School,Elementary,M190,P.S. 290 - MANHATTAN,311 EAST 82 STREET,DOE Owned,OUTDOOR YARD 1,1850,OUTDOOR YARD,TRUE,Outside,FALSE
Manhattan,2,2,02M290,P.S. 290 Manhattan New School,Elementary,M190,P.S. 290 - MANHATTAN,311 EAST 82 STREET,DOE Owned,OUTDOOR YARD 2,1850,OUTDOOR YARD,TRUE,Outside,FALSE
Manhattan,2,2,02M290,P.S. 290 Manhattan New School,Elementary,M190,P.S. 290 - MANHATTAN,311 EAST 82 STREET,DOE Owned,PCAF,4840,GYM/CAFETERIA,FALSE,Inside,TRUE
Manhattan,2,2,02M290,P.S. 290 Manhattan New School,Elementary,M190,P.S. 290 - MANHATTAN,311 EAST 82 STREET,DOE Owned,PCAF,4840,GYM/CAFETERIA,FALSE,Inside,TRUE
Manhattan,2,2,02M340,Sixth Avenue Elementary School,Elementary,M340,THE SIXTH AVENUE EDUCATIONAL CAMPUS - MANHATTAN,590 SIXTH AVENUE,DOE Owned,102,1344,DANCE ROOM,FALSE,Inside,FALSE
Manhattan,2,2,02M340,Sixth Avenue Elementary School,Elementary,M340,THE SIXTH AVENUE EDUCATIONAL CAMPUS - MANHATTAN,590 SIXTH AVENUE,DOE Owned,102,1344,DANCE ROOM,FALSE,Inside,FALSE
Manhattan,2,2,02M340,Sixth Avenue Elementary School,Elementary,M340,THE SIXTH AVENUE EDUCATIONAL CAMPUS - MANHATTAN,590 SIXTH AVENUE,DOE Owned,611,1560,GYMNASIUM,TRUE,Inside,FALSE
Manhattan,2,2,02M340,Sixth Avenue Elementary School,Elementary,M340,THE SIXTH AVENUE EDUCATIONAL CAMPUS - MANHATTAN,590 SIXTH AVENUE,DOE Owned,OUTDOOR YARD 1,2575,OUTDOOR YARD,FALSE,Outside,FALSE
Manhattan,2,2,02M343,The Peck Slip School,Elementary,M343,THE PECK SLIP SCHOOL - MANHATTAN,1 PECK SLIP,DOE Owned,126,1332,AUXILIARY EXERCISE ROOM,FALSE,Inside,FALSE
Manhattan,2,2,02M343,The Peck Slip School,Elementary,M343,THE PECK SLIP SCHOOL - MANHATTAN,1 PECK SLIP,DOE Owned,517,2760,GYM/AUDITORIUM,TRUE,Inside,TRUE
Manhattan,2,2,02M343,The Peck Slip School,Elementary,M343,THE PECK SLIP SCHOOL - MANHATTAN,1 PECK SLIP,DOE Owned,OUTDOOR YARD 1,4998,OUTDOOR YARD,FALSE,Outside,FALSE
Manhattan,2,2,02M527,P.S. 527 - East Side School for Social Action,Elementary,M816,P.S. 527 - EAST SIDE SCHOOL FOR SOCIAL ACTION - MANHATTAN,323 EAST 91 STREET,TAX LEVY LEASE,501,688,MULTI-PURPOSE NON CLASSROOM,FALSE,Inside,TRUE
Manhattan,2,2,02M527,P.S. 527 - East Side School for Social Action,Elementary,M816,P.S. 527 - EAST SIDE SCHOOL FOR SOCIAL ACTION - MANHATTAN,323 EAST 91 STREET,TAX LEVY LEASE,501,688,MULTI-PURPOSE NON CLASSROOM,FALSE,Inside,TRUE
Manhattan,2,2,02M527,P.S. 527 - East Side School for Social Action,Elementary,M816,P.S. 527 - East Side School for Social Action,323 EAST 91 STREET,TAX LEVY LEASE,OUTDOOR YARD 1,1845,OUTDOOR YARD,FALSE,Outside,FALSE
Manhattan,3,3,03M009,P.S. 009 Sarah Anderson,Elementary,M009,P.S. 9 - MANHATTAN,100 WEST 84 STREET,DOE Owned,GYM,3886,GYMNASIUM,TRUE,Inside,FALSE
Manhattan,3,3,03M009,P.S. 009 Sarah Anderson,Elementary,M009,P.S. 9 - MANHATTAN,100 WEST 84 STREET,DOE Owned,OUTDOOR YARD 1,32453,OUTDOOR YARD,TRUE,Outside,FALSE
Manhattan,3,3,03M009,P.S. 009 Sarah Anderson,Elementary,M009,P.S. 9 - MANHATTAN,100 WEST 84 STREET,DOE Owned,OUTDOOR YARD 2,4114,OUTDOOR YARD,TRUE,Outside,FALSE
Manhattan,3,3,03M075,P.S. 075 Emily Dickinson,Elementary,M075,P.S. 75 - MANHATTAN,735 WEST END AVENUE,DOE Owned,G1A,735,MULTI-PURPOSE NON CLASSROOM,FALSE,Inside,TRUE
Manhattan,3,3,03M075,P.S. 075 Emily Dickinson,Elementary,M075,P.S. 75 - MANHATTAN,735 WEST END AVENUE,DOE Owned,GYM,3740,GYMNASIUM,TRUE,Inside,FALSE
Manhattan,3,3,03M075,P.S. 075 Emily Dickinson,Elementary,M075,P.S. 75 - MANHATTAN,735 WEST END AVENUE,DOE Owned,OUTDOOR YARD 1,22000,OUTDOOR YARD,TRUE,Outside,FALSE
Manhattan,3,3,03M075,P.S. 075 Emily Dickinson,Elementary,M075,P.S. 75 - MANHATTAN,735 WEST END AVENUE,DOE Owned,OUTDOOR YARD 2,35000,OUTDOOR YARD,TRUE,Outside,FALSE
Manhattan,3,3,03M075,P.S. 075 Emily Dickinson,Elementary,M075,P.S. 75 - MANHATTAN,735 WEST END AVENUE,DOE Owned,OUTDOOR YARD 3,8500,OUTDOOR YARD,TRUE,Outside,FALSE
Manhattan,3,3,03M075,P.S. 075 Emily Dickinson,Elementary,M075,P.S. 75 - MANHATTAN,735 WEST END AVENUE,DOE Owned,OUTDOOR YARD 4,7500,OUTDOOR YARD,TRUE,Outside,FALSE
Manhattan,3,3,03M084,P.S. 084 Lillian Weber,Elementary,M084,P.S. 84 - MANHATTAN,32 WEST 92 STREET,DOE Owned,GYM,3886,GYMNASIUM,FALSE,Inside,FALSE
Manhattan,3,3,03M084,P.S. 084 Lillian Weber,Elementary,M084,P.S. 84 - MANHATTAN,32 WEST 92 STREET,DOE Owned,OUTDOOR YARD 1,3180,OUTDOOR YARD,FALSE,Outside,FALSE
Manhattan,3,3,03M087,P.S. 087 William Sherman,Elementary,M087,P.S. 87 - MANHATTAN,160 WEST 78 STREET,DOE Owned,216,3808,GYMNASIUM,FALSE,Inside,FALSE
Manhattan,3,3,03M087,P.S. 087 William Sherman,Elementary,M087,P.S. 87 - MANHATTAN,160 WEST 78 STREET,DOE Owned,216,3808,GYMNASIUM,FALSE,Inside,FALSE
Manhattan,3,3,03M087,P.S. 087 William Sherman,Elementary,M087,P.S. 87 - MANHATTAN,160 WEST 78 STREET,DOE Owned,B1,1113,GYMNASIUM,FALSE,Inside,FALSE
Manhattan,3,3,03M087,P.S. 087 William Sherman,Elementary,M087,P.S. 87 - MANHATTAN,160 WEST 78 STREET,DOE Owned,OUTDOOR YARD 1,10000,OUTDOOR YARD,FALSE,Outside,FALSE
Manhattan,3,3,03M145,"P.S. 145, The Bloomingdale School",Elementary,M145,P.S. 145 - MANHATTAN,150 WEST 105 STREET,DOE Owned,105,578,MULTI-PURPOSE NON CLASSROOM,FALSE,Inside,TRUE
Manhattan,3,3,03M145,"P.S. 145, The Bloomingdale School",Elementary,M145,P.S. 145 - MANHATTAN,150 WEST 105 STREET,DOE Owned,201,4060,GYMNASIUM,TRUE,Inside,FALSE
Manhattan,3,3,03M145,"P.S. 145, The Bloomingdale School",Elementary,M145,P.S. 145 - MANHATTAN,150 WEST 105 STREET,DOE Owned,213,702,DANCE ROOM,FALSE,Inside,FALSE
Manhattan,3,3,03M145,"P.S. 145, The Bloomingdale School",Elementary,M145,P.S. 145 - MANHATTAN,150 WEST 105 STREET,DOE Owned,OUTDOOR YARD 1,2430,OUTDOOR YARD,TRUE,Outside,FALSE
Manhattan,3,3,03M163,P.S. 163 Alfred E. Smith,Elementary,M163,P.S. 163 - MANHATTAN,163 WEST 97 STREET,DOE Owned,GYM,3752,GYMNASIUM,FALSE,Inside,FALSE
Manhattan,3,3,03M163,P.S. 163 Alfred E. Smith,Elementary,M163,P.S. 163 - MANHATTAN,163 WEST 97 STREET,DOE Owned,OUTDOOR YARD 1,13888,OUTDOOR YARD,FALSE,Outside,FALSE
Manhattan,3,3,03M166,P.S. 166 The Richard Rodgers School of The Arts and Technology,Elementary,M166,P.S. 166 - MANHATTAN,132 WEST 89 STREET,DOE Owned,504,552,DANCE ROOM,FALSE,Inside,FALSE
Manhattan,3,3,03M166,P.S. 166 The Richard Rodgers School of The Arts and Technology,Elementary,M166,P.S. 166 - MANHATTAN,132 WEST 89 STREET,DOE Owned,GYM,6014,GYMNASIUM,FALSE,Inside,FALSE
Manhattan,3,3,03M166,P.S. 166 The Richard Rodgers School of The Arts and Technology,Elementary,M166,P.S. 166 - MANHATTAN,132 WEST 89 STREET,DOE Owned,OUTDOOR YARD 1,4901,OUTDOOR YARD,FALSE,Outside,FALSE
Manhattan,3,3,03M166,P.S. 166 The Richard Rodgers School of The Arts and Technology,Elementary,M166,P.S. 166 - MANHATTAN,132 WEST 89 STREET,DOE Owned,OUTDOOR YARD 2,2788,OUTDOOR YARD,FALSE,Outside,FALSE
Manhattan,3,3,03M199,P.S. 199 Jessie Isador Straus,Elementary,M199,P.S. 199 - MANHATTAN,270 WEST 70 STREET,DOE Owned,GYM,4200,GYMNASIUM,FALSE,Inside,FALSE
Manhattan,3,3,03M199,P.S. 199 Jessie Isador Straus,Elementary,M199,P.S. 199 - MANHATTAN,270 WEST 70 STREET,DOE Owned,OUTDOOR YARD 1,1640,OUTDOOR YARD,FALSE,Outside,FALSE
Manhattan,3,3,03M241,STEM Institute of Manhattan,Elementary,M113,P.S. 241 - MANHATTAN,240 WEST 113 STREET,DOE Owned,124,3135,GYMNASIUM,TRUE,Inside,FALSE
Manhattan,3,3,03M241,STEM Institute of Manhattan,Elementary,M113,P.S. 241 - MANHATTAN,240 WEST 113 STREET,DOE Owned,223,486,MULTI-PURPOSE CLASSROOM,FALSE,Inside,TRUE
Manhattan,3,3,03M241,STEM Institute of Manhattan,Elementary,M113,P.S. 241 - MANHATTAN,240 WEST 113 STREET,DOE Owned,EL GYM,4392,GYMNASIUM,TRUE,Inside,FALSE
Manhattan,3,3,03M241,STEM Institute of Manhattan,Elementary,M113,P.S. 241 - MANHATTAN,240 WEST 113 STREET,DOE Owned,OUTDOOR YARD 1,25780,OUTDOOR YARD,TRUE,Outside,FALSE
Manhattan,3,3,03M242,P.S. 242 - The Young Diplomats Magnet Academy,Elementary,M144,P.S. 242 (OLD P144) - MANHATTAN,134 WEST 122 STREET,DOE Owned,GYM,4032,GYMNASIUM,TRUE,Inside,FALSE
Manhattan,3,3,03M242,P.S. 242 - The Young Diplomats Magnet Academy,Elementary,M144,P.S. 242 (OLD P144) - MANHATTAN,134 WEST 122 STREET,DOE Owned,OUTDOOR YARD 1,26160,OUTDOOR YARD,TRUE,Outside,FALSE
Manhattan,3,3,03M242,P.S. 242 - The Young Diplomats Magnet Academy,Elementary,M144,P.S. 242 (OLD P144) - MANHATTAN,134 WEST 122 STREET,DOE Owned,OUTDOOR YARD 2,8190,OUTDOOR YARD,TRUE,Outside,FALSE
Manhattan,3,3,03M452,P.S. 452,Elementary,M191,P.S. 191 - MANHATTAN,210 WEST 61 STREET,DOE Owned,225,3944,GYMNASIUM,FALSE,Inside,FALSE
Manhattan,3,3,03M452,P.S. 452,Elementary,M191,P.S. 191 - MANHATTAN,210 WEST 61 STREET,DOE Owned,225,3944,GYMNASIUM,FALSE,Inside,FALSE
Manhattan,3,3,03M452,P.S. 452,Elementary,M191,P.S. 191 - MANHATTAN,210 WEST 61 STREET,DOE Owned,OUTDOOR YARD 1,32546,OUTDOOR YARD,FALSE,Outside,FALSE
Manhattan,3,3,03M452,P.S. 452,Elementary,M191,P.S. 191 - MANHATTAN,210 WEST 61 STREET,DOE Owned,OUTDOOR YARD 2,900,OUTDOOR YARD,FALSE,Outside,FALSE
Manhattan,3,3,03M452,P.S. 452,Elementary,M191,P.S. 191 - MANHATTAN,210 WEST 61 STREET,DOE Owned,OUTDOOR YARD 3,800,OUTDOOR YARD,FALSE,Outside,FALSE
Manhattan,4,4,04M037,River East Elementary,Elementary,M045,I.S. 45 - MANHATTAN,2351 FIRST AVENUE,DOE Owned,250,6500,GYMNASIUM,TRUE,Inside,FALSE
Manhattan,4,4,04M038,P.S. 38 Roberto Clemente,Elementary,M121,P.S. 38 (OLD M121) - MANHATTAN,232 EAST 103 STREET,DOE Owned,133,3700,GYMNASIUM,TRUE,Inside,FALSE
Manhattan,4,4,04M038,P.S. 38 Roberto Clemente,Elementary,M121,P.S. 38 (OLD M121) - MANHATTAN,232 EAST 103 STREET,DOE Owned,214,846,MULTI-PURPOSE CLASSROOM,FALSE,Inside,TRUE
Manhattan,4,4,04M083,P.S. 083 Luis Munoz Rivera,Elementary,M083,P.S. 83 - MANHATTAN,219 EAST 109 STREET,DOE Owned,GYM,4050,GYMNASIUM,TRUE,Inside,FALSE
Manhattan,4,4,04M083,P.S. 083 Luis Munoz Rivera,Elementary,M083,P.S. 83 - MANHATTAN,219 EAST 109 STREET,DOE Owned,OUTDOOR YARD 1,51000,OUTDOOR YARD,TRUE,Outside,FALSE
Manhattan,4,4,04M102,P.S. 102 Jacques Cartier,Elementary,M102,P.S. 102 - MANHATTAN,315 EAST 113 STREET,DOE Owned,OUTDOOR YARD 1,2185,OUTDOOR YARD,FALSE,Outside,FALSE
Manhattan,4,4,04M102,P.S. 102 Jacques Cartier,Elementary,M102,P.S. 102 - MANHATTAN,315 EAST 113 STREET,DOE Owned,PLAYRM,1488,ADAPTIVE PHYSICAL EDUCATION,FALSE,Inside,FALSE
Manhattan,4,4,04M102,P.S. 102 Jacques Cartier,Elementary,M102,P.S. 102 - MANHATTAN,315 EAST 113 STREET,DOE Owned,PLAYRM,1488,ADAPTIVE PHYSICAL EDUCATION,FALSE,Inside,FALSE
Manhattan,4,4,04M146,P.S. 146 Ann M. Short,Elementary,M146,P.S. 146 - MANHATTAN,421 EAST 106 STREET,DOE Owned,116,624,MULTI-PURPOSE CLASSROOM,FALSE,Inside,TRUE
Manhattan,4,4,04M146,P.S. 146 Ann M. Short,Elementary,M146,P.S. 146 - MANHATTAN,421 EAST 106 STREET,DOE Owned,203,624,MULTI-PURPOSE CLASSROOM,FALSE,Inside,TRUE
Manhattan,4,4,04M146,P.S. 146 Ann M. Short,Elementary,M146,P.S. 146 - MANHATTAN,421 EAST 106 STREET,DOE Owned,325,624,MULTI-PURPOSE CLASSROOM,FALSE,Inside,TRUE
Manhattan,4,4,04M146,P.S. 146 Ann M. Short,Elementary,M146,P.S. 146 - MANHATTAN,421 EAST 106 STREET,DOE Owned,GYM,3900,GYMNASIUM,TRUE,Inside,FALSE
Manhattan,4,4,04M146,P.S. 146 Ann M. Short,Elementary,M146,P.S. 146 - MANHATTAN,421 EAST 106 STREET,DOE Owned,OUTDOOR YARD 1,3600,OUTDOOR YARD,FALSE,Outside,FALSE
Manhattan,4,4,04M155,P.S. 155 William Paca,Elementary,M155,P.S. 155 - MANHATTAN,319 EAST 117 STREET,DOE Owned,121,625,MULTI-PURPOSE NON CLASSROOM,FALSE,Inside,TRUE
Manhattan,4,4,04M155,P.S. 155 William Paca,Elementary,M155,P.S. 155 - MANHATTAN,319 EAST 117 STREET,DOE Owned,GYM,3795,GYMNASIUM,TRUE,Inside,FALSE
Manhattan,4,4,04M182,The Bilingual Bicultural School,Elementary,M083,P.S. 83 - MANHATTAN,219 EAST 109 STREET,DOE Owned,GYM,4050,GYMNASIUM,TRUE,Inside,FALSE
Manhattan,4,4,04M182,The Bilingual Bicultural School,Elementary,M083,P.S. 83 - MANHATTAN,219 EAST 109 STREET,DOE Owned,OUTDOOR YARD 1,51000,OUTDOOR YARD,TRUE,Outside,FALSE
Manhattan,5,5,05M133,P.S. 133 Fred R Moore,Elementary,M133,P.S. 133 - MANHATTAN,2121 5 AVENUE,DOE Owned,GYM,3600,GYMNASIUM,FALSE,Inside,FALSE
Manhattan,4,4,04M375,Mosaic Preparatory Academy,Elementary,M101,P.S. 101 - MANHATTAN,141 EAST 111 STREET,DOE Owned,426,2860,GYMNASIUM,TRUE,Inside,FALSE
Manhattan,4,4,04M375,Mosaic Preparatory Academy,Elementary,M101,P.S. 101 - MANHATTAN,141 EAST 111 STREET,DOE Owned,524,264,MULTI-PURPOSE CLASSROOM,FALSE,Inside,TRUE
Manhattan,4,4,04M375,Mosaic Preparatory Academy,Elementary,M101,P.S. 101 - MANHATTAN,141 EAST 111 STREET,DOE Owned,562,2860,GYMNASIUM,TRUE,Inside,FALSE
Manhattan,4,4,04M375,Mosaic Preparatory Academy,Elementary,M101,P.S. 101 - MANHATTAN,141 EAST 111 STREET,DOE Owned,EPLAY,1323,MULTI-PURPOSE NON CLASSROOM,FALSE,Inside,TRUE
Manhattan,4,4,04M375,Mosaic Preparatory Academy,Elementary,M101,P.S. 101 - MANHATTAN,141 EAST 111 STREET,DOE Owned,OUTDOOR YARD 1,14432,OUTDOOR YARD,FALSE,Outside,FALSE
Manhattan,4,4,04M375,Mosaic Preparatory Academy,Elementary,M101,P.S. 101 - MANHATTAN,141 EAST 111 STREET,DOE Owned,OUTDOOR YARD 2,11500,OUTDOOR YARD,FALSE,Outside,FALSE
Manhattan,4,4,04M375,Mosaic Preparatory Academy,Elementary,M101,P.S. 101 - MANHATTAN,141 EAST 111 STREET,DOE Owned,OUTDOOR YARD 3,4134,OUTDOOR YARD,FALSE,Outside,FALSE
Manhattan,4,4,04M497,Central Park East I,Elementary,M013,I.S. 13 - MANHATTAN,1573 MADISON AVENUE,DOE Owned,GYM,6500,GYMNASIUM,TRUE,Inside,FALSE
Manhattan,4,4,04M497,Central Park East I,Elementary,M013,I.S. 13 - MANHATTAN,1573 MADISON AVENUE,DOE Owned,OUTDOOR YARD 1,19300,OUTDOOR YARD,TRUE,Outside,FALSE
Manhattan,5,5,05M133,P.S. 133 Fred R Moore,Elementary,M133,P.S. 133 - MANHATTAN,2121 5 AVENUE,DOE Owned,OUTDOOR YARD 1,8578,OUTDOOR YARD,FALSE,Outside,FALSE
Manhattan,5,5,05M030,P.S. 030 Hernandez/Hughes,Elementary,M030,P.S. 30 - MANHATTAN,144-176 EAST 128 STREET,DOE Owned,311,960,AUXILIARY EXERCISE ROOM,FALSE,Inside,FALSE
Manhattan,5,5,05M030,P.S. 030 Hernandez/Hughes,Elementary,M030,P.S. 30 - MANHATTAN,144-176 EAST 128 STREET,DOE Owned,ASSEM,9660,GYM/AUD/CAFETERIA,TRUE,Inside,TRUE
Manhattan,5,5,05M030,P.S. 030 Hernandez/Hughes,Elementary,M030,P.S. 30 - MANHATTAN,144-176 EAST 128 STREET,DOE Owned,OUTDOOR YARD 1,15375,OUTDOOR YARD,TRUE,Outside,FALSE
Manhattan,5,5,05M030,P.S. 030 Hernandez/Hughes,Elementary,M030,P.S. 30 - MANHATTAN,144-176 EAST 128 STREET,DOE Owned,OUTDOOR YARD 2,13457,OUTDOOR YARD,TRUE,Outside,FALSE
Manhattan,5,5,05M030,P.S. 030 Hernandez/Hughes,Elementary,M030,P.S. 30 - MANHATTAN,144-176 EAST 128 STREET,DOE Owned,OUTDOOR YARD 3,2016,OUTDOOR YARD,TRUE,Outside,FALSE
Manhattan,5,5,05M036,P.S. 036 Margaret Douglas,Elementary,M036,P.S. 36 - MANHATTAN,123 MORNINGSIDE DRIVE,DOE Owned,258,672,DANCE ROOM,FALSE,Inside,FALSE
Manhattan,5,5,05M036,P.S. 036 Margaret Douglas,Elementary,M036,P.S. 36 - MANHATTAN,123 MORNINGSIDE DRIVE,DOE Owned,261,340,ADAPTIVE PHYSICAL EDUCATION,FALSE,Inside,FALSE
Manhattan,5,5,05M036,P.S. 036 Margaret Douglas,Elementary,M036,P.S. 36 - MANHATTAN,123 MORNINGSIDE DRIVE,DOE Owned,OUTDOOR YARD 1,1522,OUTDOOR YARD,FALSE,Outside,FALSE
Manhattan,5,5,05M036,P.S. 036 Margaret Douglas,Elementary,M036,P.S. 36 - MANHATTAN,123 MORNINGSIDE DRIVE,DOE Owned,OUTDOOR YARD 2,680,OUTDOOR YARD,FALSE,Outside,FALSE
Manhattan,5,5,05M092,P.S. 092 Mary McLeod Bethune,Elementary,M092,P.S. 92 - MANHATTAN,222 WEST 134 STREET,DOE Owned,GYM,4032,GYMNASIUM,TRUE,Inside,FALSE
Manhattan,5,5,05M092,P.S. 092 Mary McLeod Bethune,Elementary,M092,P.S. 92 - MANHATTAN,222 WEST 134 STREET,DOE Owned,OUTDOOR YARD 1,21079,OUTDOOR YARD,TRUE,Outside,FALSE
Manhattan,5,5,05M125,P.S. 125 Ralph Bunche,Elementary,M125,P.S. 125 - MANHATTAN,425 WEST 123 STREET,DOE Owned,E.GYM,3825,GYMNASIUM,TRUE,Inside,FALSE
Manhattan,5,5,05M125,P.S. 125 Ralph Bunche,Elementary,M125,P.S. 125 - MANHATTAN,425 WEST 123 STREET,DOE Owned,POOL,3720,SWIMMING POOL,FALSE,Inside,FALSE
Manhattan,5,5,05M125,P.S. 125 Ralph Bunche,Elementary,M125,P.S. 125 - MANHATTAN,425 WEST 123 STREET,DOE Owned,W.GYM,3825,GYMNASIUM,TRUE,Inside,FALSE
Manhattan,5,5,05M133,P.S. 133 Fred R Moore,Elementary,M133,P.S. 133 - MANHATTAN,2121 5 AVENUE,DOE Owned,241,693,DANCE ROOM,FALSE,Inside,FALSE
Manhattan,5,5,05M133,P.S. 133 Fred R Moore,Elementary,M133,P.S. 133 - MANHATTAN,2121 5 AVENUE,DOE Owned,GYM,3600,GYMNASIUM,FALSE,Inside,FALSE
Manhattan,5,5,05M133,P.S. 133 Fred R Moore,Elementary,M133,P.S. 133 - MANHATTAN,2121 5 AVENUE,DOE Owned,OUTDOOR YARD 2,33257,OUTDOOR YARD,FALSE,Outside,FALSE
Manhattan,5,5,05M154,P.S. 154 Harriet Tubman,Elementary,M154,P.S. 154 - MANHATTAN,250 WEST 127 STREET,DOE Owned,223,378,AUXILIARY EXERCISE ROOM,FALSE,Inside,FALSE
Manhattan,5,5,05M154,P.S. 154 Harriet Tubman,Elementary,M154,P.S. 154 - MANHATTAN,250 WEST 127 STREET,DOE Owned,GYM,4730,GYMNASIUM,TRUE,Inside,FALSE
Manhattan,5,5,05M154,P.S. 154 Harriet Tubman,Elementary,M154,P.S. 154 - MANHATTAN,250 WEST 127 STREET,DOE Owned,OUTDOOR YARD 1,32240,OUTDOOR YARD,TRUE,Outside,FALSE
Manhattan,5,5,05M175,P.S. 175 Henry H Garnet,Elementary,M175,P.S. 175 - MANHATTAN,175 WEST 134 STREET,DOE Owned,GYM.,3740,GYMNASIUM,TRUE,Inside,FALSE
Manhattan,5,5,05M175,P.S. 175 Henry H Garnet,Elementary,M175,P.S. 175 - MANHATTAN,175 WEST 134 STREET,DOE Owned,OUTDOOR YARD 1,32400,OUTDOOR YARD,FALSE,Outside,FALSE
Manhattan,5,5,05M194,P.S. 194 Countee Cullen,Elementary,M194,P.S. 194 - MANHATTAN,244 WEST 144 STREET,DOE Owned,221,572,MULTI-PURPOSE CLASSROOM,FALSE,Inside,TRUE
Manhattan,5,5,05M194,P.S. 194 Countee Cullen,Elementary,M194,P.S. 194 - MANHATTAN,244 WEST 144 STREET,DOE Owned,221,572,MULTI-PURPOSE CLASSROOM,FALSE,Inside,TRUE
Manhattan,5,5,05M194,P.S. 194 Countee Cullen,Elementary,M194,P.S. 194 - MANHATTAN,244 WEST 144 STREET,DOE Owned,GYM,4176,GYMNASIUM,TRUE,Inside,FALSE
Manhattan,5,5,05M194,P.S. 194 Countee Cullen,Elementary,M194,P.S. 194 - MANHATTAN,244 WEST 144 STREET,DOE Owned,OUTDOOR YARD 1,22000,OUTDOOR YARD,TRUE,Outside,FALSE
Manhattan,5,5,05M197,P.S. 197 John B. Russwurm,Elementary,M197,P.S. 197 - MANHATTAN,2230 5 AVENUE,DOE Owned,GYM,3942,GYMNASIUM,TRUE,Inside,FALSE
Manhattan,5,5,05M197,P.S. 197 John B. Russwurm,Elementary,M197,P.S. 197 - MANHATTAN,2230 5 AVENUE,DOE Owned,OUTDOOR YARD 1,4275,OUTDOOR YARD,TRUE,Outside,FALSE
Manhattan,5,5,05M200,P.S. 200- The James Mccune Smith School,Elementary,M200,P.S. 200 (TANDEM M010) - MANHATTAN,2589 7 AVENUE,DOE Owned,330/332,1344,DANCE ROOM,FALSE,Inside,FALSE
Manhattan,5,5,05M200,P.S. 200- The James Mccune Smith School,Elementary,M200,P.S. 200 (TANDEM M010) - MANHATTAN,2589 7 AVENUE,DOE Owned,OUTDOOR YARD 1,5520,OUTDOOR YARD,FALSE,Outside,FALSE
Manhattan,5,5,05M200,P.S. 200- The James Mccune Smith School,Elementary,M200,P.S. 200 (TANDEM M010) - MANHATTAN,2589 7 AVENUE,DOE Owned,OUTDOOR YARD 2,1038,OUTDOOR YARD,FALSE,Outside,FALSE
Manhattan,5,5,05M318,Thurgood Marshall Academy Lower School,Elementary,M371,P.S. 318 - MANHATTAN,276 WEST 151ST STREET,TAX LEVY LEASE,OUTDOOR YARD 1,5000,OUTDOOR YARD,FALSE,Outside,FALSE
Manhattan,6,6,06M004,P.S. 004 Duke Ellington,Elementary,M004,P.S. 4 - MANHATTAN,500 WEST 160 STREET,DOE Owned,122,2668,GYMNASIUM,FALSE,Inside,FALSE
Manhattan,6,6,06M005,P.S. 005 Ellen Lurie,Elementary,M005,P.S. 5 - MANHATTAN,3703 TENTH AVENUE,DOE Owned,129,3306,GYMNASIUM,FALSE,Inside,FALSE
Manhattan,6,6,06M005,P.S. 005 Ellen Lurie,Elementary,M005,P.S. 5 - MANHATTAN,3703 TENTH AVENUE,DOE Owned,316,675,MULTI-PURPOSE CLASSROOM,FALSE,Inside,TRUE
Manhattan,6,6,06M005,P.S. 005 Ellen Lurie,Elementary,M005,P.S. 5 - MANHATTAN,3703 TENTH AVENUE,DOE Owned,OUTDOOR YARD 1,6966,OUTDOOR YARD,FALSE,Outside,FALSE
Manhattan,6,6,06M005,P.S. 005 Ellen Lurie,Elementary,M005,P.S. 5 - MANHATTAN,3703 TENTH AVENUE,DOE Owned,OUTDOOR YARD 2,1000,OUTDOOR YARD,FALSE,Outside,FALSE
Manhattan,6,6,06M008,P.S. 008 Luis Belliard,Elementary,M008,P.S. 8 - MANHATTAN,465 WEST 167 STREET,DOE Owned,121/GYM,2592,GYMNASIUM,FALSE,Inside,FALSE
Manhattan,6,6,06M008,P.S. 008 Luis Belliard,Elementary,M008,P.S. 8 - MANHATTAN,465 WEST 167 STREET,DOE Owned,OUTDOOR YARD 1,1953,OUTDOOR YARD,FALSE,Outside,FALSE
Manhattan,6,6,06M008,P.S. 008 Luis Belliard,Elementary,M008,P.S. 8 - MANHATTAN,465 WEST 167 STREET,DOE Owned,OUTDOOR YARD 2,118,OUTDOOR YARD,FALSE,Outside,FALSE
Manhattan,6,6,06M028,P.S. 028 Wright Brothers,Elementary,M028,P.S. 28 - MANHATTAN,475 WEST 155 STREET,DOE Owned,145,3990,GYMNASIUM,FALSE,Inside,FALSE
Manhattan,6,6,06M028,P.S. 028 Wright Brothers,Elementary,M028,P.S. 28 - MANHATTAN,475 WEST 155 STREET,DOE Owned,OUTDOOR YARD 1,800,OUTDOOR YARD,FALSE,Outside,FALSE
Manhattan,6,6,06M048,P.S. 048 P.O. Michael J. Buczek,Elementary,M048,P.S. 48 - MANHATTAN,4360-78 BROADWAY,DOE Owned,200,550,DANCE ROOM,FALSE,Inside,FALSE
Manhattan,6,6,06M048,P.S. 048 P.O. Michael J. Buczek,Elementary,M048,P.S. 48 - MANHATTAN,4360-78 BROADWAY,DOE Owned,219,2166,GYMNASIUM,FALSE,Inside,FALSE
Manhattan,6,6,06M048,P.S. 048 P.O. Michael J. Buczek,Elementary,M048,P.S. 48 - MANHATTAN,4360-78 BROADWAY,DOE Owned,323,528,MULTI-PURPOSE CLASSROOM,FALSE,Inside,TRUE
Manhattan,6,6,06M048,P.S. 048 P.O. Michael J. Buczek,Elementary,M048,P.S. 48 - MANHATTAN,4360-78 BROADWAY,DOE Owned,OUTDOOR YARD 1,24336,OUTDOOR YARD,TRUE,Outside,FALSE
Manhattan,6,6,06M048,P.S. 048 P.O. Michael J. Buczek,Elementary,M048,P.S. 48 - MANHATTAN,4360-78 BROADWAY,DOE Owned,OUTDOOR YARD 2,5400,OUTDOOR YARD,TRUE,Outside,FALSE
Manhattan,6,6,06M098,P.S. 098 Shorac Kappock,Elementary,M098,P.S. 98 - MANHATTAN,512 WEST 212 STREET,DOE Owned,206,588,MULTI-PURPOSE CLASSROOM,FALSE,Inside,TRUE
Manhattan,6,6,06M098,P.S. 098 Shorac Kappock,Elementary,M098,P.S. 98 - MANHATTAN,512 WEST 212 STREET,DOE Owned,206,588,MULTI-PURPOSE CLASSROOM,FALSE,Inside,TRUE
Manhattan,6,6,06M098,P.S. 098 Shorac Kappock,Elementary,M098,P.S. 98 - MANHATTAN,512 WEST 212 STREET,DOE Owned,DANCERM,4482,GYMNASIUM,FALSE,Inside,FALSE
Manhattan,6,6,06M098,P.S. 098 Shorac Kappock,Elementary,M098,P.S. 98 - MANHATTAN,512 WEST 212 STREET,DOE Owned,OUTDOOR YARD 1,7050,OUTDOOR YARD,FALSE,Outside,FALSE
Manhattan,6,6,06M103,Dos Puentes Elementary School,Elementary,M132,P.S. 132 - MANHATTAN,185 WADSWORTH AVENUE,DOE Owned,409,600,DANCE ROOM,FALSE,Inside,FALSE
Manhattan,6,6,06M103,Dos Puentes Elementary School,Elementary,M132,P.S. 132 - MANHATTAN,185 WADSWORTH AVENUE,DOE Owned,511,1155,GYMNASIUM,TRUE,Inside,FALSE
Manhattan,6,6,06M103,Dos Puentes Elementary School,Elementary,M132,P.S. 132 - MANHATTAN,185 WADSWORTH AVENUE,DOE Owned,514,598,MULTI-PURPOSE CLASSROOM,FALSE,Inside,TRUE
Manhattan,6,6,06M103,Dos Puentes Elementary School,Elementary,M132,P.S. 132 - MANHATTAN,185 WADSWORTH AVENUE,DOE Owned,CAF,6912,MULTI-PURPOSE NON CLASSROOM,FALSE,Inside,TRUE
Manhattan,6,6,06M115,P.S. 115 Alexander Humboldt,Elementary,M115,P.S. 115 - MANHATTAN,586 WEST 177 STREET,DOE Owned,GYM-FR,1472,GYMNASIUM,TRUE,Inside,FALSE
Manhattan,6,6,06M115,P.S. 115 Alexander Humboldt,Elementary,M115,P.S. 115 - MANHATTAN,586 WEST 177 STREET,DOE Owned,GYM-RE,3799,GYMNASIUM,TRUE,Inside,FALSE
Manhattan,6,6,06M115,P.S. 115 Alexander Humboldt,Elementary,M115,P.S. 115 - MANHATTAN,586 WEST 177 STREET,DOE Owned,OUTDOOR YARD 1,1000,OUTDOOR YARD,FALSE,Outside,FALSE
Manhattan,6,6,06M128,P.S. 128 Audubon,Elementary,M128,P.S. 128 - MANHATTAN,560 WEST 169 STREET,DOE Owned,120,624,DANCE ROOM,FALSE,Inside,FALSE
Manhattan,6,6,06M128,P.S. 128 Audubon,Elementary,M128,P.S. 128 - MANHATTAN,560 WEST 169 STREET,DOE Owned,123,3850,GYMNASIUM,TRUE,Inside,FALSE
Manhattan,6,6,06M128,P.S. 128 Audubon,Elementary,M128,P.S. 128 - MANHATTAN,560 WEST 169 STREET,DOE Owned,2,1375,MULTI-PURPOSE ROOM,FALSE,Inside,TRUE
Manhattan,6,6,06M128,P.S. 128 Audubon,Elementary,M128,P.S. 128 - MANHATTAN,560 WEST 169 STREET,DOE Owned,OUTDOOR YARD 1,1200,OUTDOOR YARD,TRUE,Outside,FALSE
Manhattan,6,6,06M132,P.S. 132 Juan Pablo Duarte,Elementary,M132,P.S. 132 - MANHATTAN,185 WADSWORTH AVENUE,DOE Owned,511,1155,GYMNASIUM,TRUE,Inside,FALSE
Manhattan,6,6,06M152,P.S. 152 Dyckman Valley,Elementary,M152,P.S. 152 - MANHATTAN,93 NAGLE AVENUE,DOE Owned,107,5076,MULTI-PURPOSE NON CLASSROOM,FALSE,Inside,TRUE
Manhattan,6,6,06M152,P.S. 152 Dyckman Valley,Elementary,M152,P.S. 152 - MANHATTAN,93 NAGLE AVENUE,DOE Owned,354,4234,GYMNASIUM,FALSE,Inside,FALSE
Manhattan,6,6,06M152,P.S. 152 Dyckman Valley,Elementary,M152,P.S. 152 - MANHATTAN,93 NAGLE AVENUE,DOE Owned,354,4234,GYMNASIUM,FALSE,Inside,FALSE
Manhattan,6,6,06M152,P.S. 152 Dyckman Valley,Elementary,M152,P.S. 152 - MANHATTAN,93 NAGLE AVENUE,DOE Owned,OUTDOOR YARD 1,13135,OUTDOOR YARD,FALSE,Outside,FALSE
Manhattan,6,6,06M153,P.S. 153 Adam Clayton Powell,Elementary,M153,P.S. 153 - MANHATTAN,1750 AMSTERDAM AVENUE,DOE Owned,146,1232,DANCE ROOM,FALSE,Inside,FALSE
Manhattan,6,6,06M153,P.S. 153 Adam Clayton Powell,Elementary,M153,P.S. 153 - MANHATTAN,1750 AMSTERDAM AVENUE,DOE Owned,315,264,ADAPTIVE PHYSICAL EDUCATION,FALSE,Inside,FALSE
Manhattan,6,6,06M153,P.S. 153 Adam Clayton Powell,Elementary,M153,P.S. 153 - MANHATTAN,1750 AMSTERDAM AVENUE,DOE Owned,GYM.,2623,GYMNASIUM,TRUE,Inside,FALSE
Manhattan,6,6,06M153,P.S. 153 Adam Clayton Powell,Elementary,M153,P.S. 153 - MANHATTAN,1750 AMSTERDAM AVENUE,DOE Owned,OUTDOOR YARD 1,3750,OUTDOOR YARD,TRUE,Outside,FALSE
Manhattan,6,6,06M173,P.S. 173,Elementary,M173,P.S. 173 - MANHATTAN,306 FORT WASHINGTON AVENUE,DOE Owned,1000,3900,MULTI-PURPOSE NON CLASSROOM,FALSE,Inside,TRUE
Manhattan,6,6,06M173,P.S. 173,Elementary,M173,P.S. 173 - MANHATTAN,306 FORT WASHINGTON AVENUE,DOE Owned,101,918,DANCE ROOM,FALSE,Inside,FALSE
Manhattan,6,6,06M173,P.S. 173,Elementary,M173,P.S. 173 - MANHATTAN,306 FORT WASHINGTON AVENUE,DOE Owned,300,4452,GYMNASIUM,TRUE,Inside,FALSE
Manhattan,6,6,06M173,P.S. 173,Elementary,M173,P.S. 173 - MANHATTAN,306 FORT WASHINGTON AVENUE,DOE Owned,OUTDOOR YARD 1,14600,OUTDOOR YARD,TRUE,Outside,FALSE
Manhattan,6,6,06M178,Professor Juan Bosch Public School,Elementary,M178,P.S. 178 - MANHATTAN,12-18 ELLWOOD STREET,DOE Owned,501,2550,GYMNASIUM,FALSE,Inside,FALSE
Manhattan,6,6,06M178,Professor Juan Bosch Public School,Elementary,M178,P.S. 178 - MANHATTAN,12-18 ELLWOOD STREET,DOE Owned,OUTDOOR YARD 1,1250,OUTDOOR YARD,FALSE,Outside,FALSE
Manhattan,6,6,06M189,P.S. 189,Elementary,M189,P.S. 189 - MANHATTAN,2580 AMSTERDAM AVENUE,DOE Owned,CAF/OLD,1798,GYMNASIUM,FALSE,Inside,FALSE
Manhattan,6,6,06M189,P.S. 189,Elementary,M189,P.S. 189 - MANHATTAN,2580 AMSTERDAM AVENUE,DOE Owned,GYM,1792,GYMNASIUM,FALSE,Inside,FALSE
Manhattan,6,6,06M189,P.S. 189,Elementary,M189,P.S. 189 - MANHATTAN,2580 AMSTERDAM AVENUE,DOE Owned,GYM,1792,GYMNASIUM,FALSE,Inside,FALSE
Manhattan,6,6,06M189,P.S. 189,Elementary,M189,P.S. 189 - MANHATTAN,2580 AMSTERDAM AVENUE,DOE Owned,OUTDOOR YARD 1,20000,OUTDOOR YARD,FALSE,Outside,FALSE
Manhattan,6,6,06M192,P.S. 192 Jacob H. Schiff,Elementary,M192,P.S. 192 - MANHATTAN,500 WEST 138 STREET,DOE Owned,GYM,4810,GYMNASIUM,TRUE,Inside,FALSE
Manhattan,6,6,06M192,P.S. 192 Jacob H. Schiff,Elementary,M192,P.S. 192 - MANHATTAN,500 WEST 138 STREET,DOE Owned,OUTDOOR YARD 1,11250,OUTDOOR YARD,TRUE,Outside,FALSE
Manhattan,6,6,06M192,P.S. 192 Jacob H. Schiff,Elementary,M192,P.S. 192 - MANHATTAN,500 WEST 138 STREET,DOE Owned,OUTDOOR YARD 2,7335,OUTDOOR YARD,TRUE,Outside,FALSE
Manhattan,6,6,06M314,Muscota,Elementary,M176,P.S./I.S. 176 - MANHATTAN,4862 BROADWAY,DOE Owned,125,2596,GYMNASIUM,TRUE,Inside,FALSE
Manhattan,6,6,06M368,Hamilton Heights School,Elementary,M153,P.S. 153 - MANHATTAN,1750 AMSTERDAM AVENUE,DOE Owned,GYM.,2623,GYMNASIUM,TRUE,Inside,FALSE
Manhattan,6,6,06M368,Hamilton Heights School,Elementary,M153,P.S. 153 - MANHATTAN,1750 AMSTERDAM AVENUE,DOE Owned,OUTDOOR YARD 1,3750,OUTDOOR YARD,TRUE,Outside,FALSE
Manhattan,6,6,06M513,Castle Bridge School,Elementary,M128,P.S. 128 - MANHATTAN,560 WEST 169 STREET,DOE Owned,123,3850,GYMNASIUM,TRUE,Inside,FALSE
Manhattan,6,6,06M513,Castle Bridge School,Elementary,M128,P.S. 128 - MANHATTAN,560 WEST 169 STREET,DOE Owned,OUTDOOR YARD 1,1200,OUTDOOR YARD,TRUE,Outside,FALSE
